mjd, bright, cum_bright, dark, cum_dark, twilight, cum_twilight
59654.0, 10.24, 10.24, 0.00, 0.00, 0.48, 0.48
59655.0, 10.21, 20.45, 0.00, 0.00, 0.48, 0.96
59656.0, 10.17, 30.62, 0.00, 0.00, 0.48, 1.44
59658.0, 9.52, 40.14, 0.58, 0.58, 0.48, 1.92
59659.0, 9.04, 49.18, 1.67, 2.24, 1.12, 3.04
59660.0, 7.88, 57.06, 2.79, 5.04, 1.12, 4.16
59661.0, 6.69, 63.75, 3.94, 8.98, 1.12, 5.29
59662.0, 5.51, 69.26, 5.09, 14.07, 1.13, 6.41
59663.0, 4.40, 73.66, 6.17, 20.24, 1.13, 7.54
59664.0, 3.39, 77.05, 7.14, 27.38, 1.13, 8.67
59665.0, 1.13, 78.18, 9.37, 36.75, 1.13, 9.80
59666.0, 1.13, 79.31, 9.33, 46.08, 1.13, 10.93
59667.0, 1.13, 80.45, 9.29, 55.37, 1.13, 12.06
59668.0, 1.14, 81.58, 9.26, 64.63, 1.14, 13.20
59669.0, 1.14, 82.72, 9.22, 73.85, 1.14, 14.34
59670.0, 1.14, 83.86, 9.18, 83.03, 1.14, 15.48
59671.0, 1.14, 85.00, 9.15, 92.18, 1.14, 16.62
59672.0, 1.14, 86.15, 9.11, 101.29, 1.14, 17.76
59673.0, 1.15, 87.29, 9.07, 110.36, 1.15, 18.91
59674.0, 1.15, 88.44, 9.03, 119.39, 1.15, 20.06
59675.0, 1.15, 89.60, 9.00, 128.39, 1.15, 21.21
59676.0, 1.16, 90.75, 8.96, 137.35, 1.16, 22.37
59677.0, 6.36, 97.11, 3.72, 141.07, 1.16, 23.53
59678.0, 7.15, 104.26, 2.89, 143.96, 1.16, 24.69
59679.0, 7.87, 112.13, 2.14, 146.10, 1.16, 25.85
59680.0, 8.50, 120.64, 1.47, 147.57, 1.17, 27.02
59681.0, 9.07, 129.71, 0.87, 148.44, 1.17, 28.19
59682.0, 9.91, 139.61, 0.00, 148.44, 1.17, 29.36
59683.0, 9.87, 149.49, 0.00, 148.44, 1.18, 30.54
59684.0, 9.84, 159.32, 0.00, 148.44, 1.18, 31.72
59685.0, 9.80, 169.13, 0.00, 148.44, 1.18, 32.90
59687.0, 9.74, 178.86, 0.00, 148.44, 1.19, 34.09
59688.0, 8.37, 187.23, 1.34, 149.78, 1.19, 35.29
59689.0, 7.14, 194.37, 2.53, 152.31, 1.20, 36.48
59690.0, 5.97, 200.34, 3.66, 155.97, 1.20, 37.68
59691.0, 4.91, 205.25, 4.69, 160.66, 1.21, 38.89
59692.0, 3.99, 209.24, 5.58, 166.24, 1.21, 40.10
59693.0, 3.22, 212.46, 6.31, 172.55, 1.21, 41.31
59694.0, 1.22, 213.68, 8.28, 180.83, 1.22, 42.53
59695.0, 1.22, 214.90, 8.25, 189.08, 1.22, 43.75
59696.0, 1.23, 216.12, 8.21, 197.29, 1.23, 44.97
59697.0, 1.23, 217.35, 8.17, 205.47, 1.23, 46.20
59698.0, 1.23, 218.59, 8.14, 213.60, 1.23, 47.44
59699.0, 1.24, 219.82, 8.10, 221.70, 1.24, 48.68
59700.0, 1.24, 221.07, 8.07, 229.77, 1.24, 49.92
59701.0, 1.25, 222.31, 8.03, 237.80, 1.25, 51.16
59702.0, 1.25, 223.56, 7.99, 245.79, 1.25, 52.41
59703.0, 1.26, 224.82, 7.96, 253.75, 1.26, 53.67
59704.0, 1.26, 226.08, 7.92, 261.67, 1.26, 54.93
59705.0, 1.26, 227.34, 7.89, 269.56, 1.26, 56.19
59706.0, 1.27, 228.61, 7.85, 277.42, 1.27, 57.46
59707.0, 6.14, 234.76, 2.95, 280.37, 1.27, 58.74
59708.0, 6.73, 241.48, 2.34, 282.70, 1.28, 60.01
59709.0, 7.25, 248.73, 1.79, 284.49, 1.28, 61.30
59710.0, 7.74, 256.47, 1.27, 285.76, 1.29, 62.58
59711.0, 8.21, 264.68, 0.77, 286.53, 1.29, 63.87
59712.0, 8.95, 273.63, 0.00, 286.53, 1.30, 65.17
59713.0, 8.92, 282.55, 0.00, 286.53, 1.30, 66.47
59715.0, 8.87, 291.42, 0.00, 286.53, 1.31, 67.78
59716.0, 8.84, 300.27, 0.00, 286.53, 1.31, 69.09
59717.0, 7.86, 308.13, 0.96, 287.49, 1.32, 70.41
59718.0, 6.71, 314.84, 2.08, 289.56, 1.32, 71.74
59719.0, 5.72, 320.56, 3.05, 292.62, 1.33, 73.06
59720.0, 4.88, 325.44, 3.86, 296.48, 1.33, 74.39
59721.0, 4.19, 329.63, 4.53, 301.01, 1.34, 75.73
59722.0, 3.61, 333.24, 5.09, 306.10, 1.34, 77.07
59723.0, 1.34, 334.58, 7.33, 313.44, 1.34, 78.41
59724.0, 1.35, 335.93, 7.31, 320.75, 1.35, 79.76
59725.0, 1.35, 337.28, 7.28, 328.03, 1.35, 81.11
59726.0, 1.36, 338.64, 7.26, 335.29, 1.36, 82.47
59727.0, 1.36, 340.00, 7.24, 342.52, 1.36, 83.83
59728.0, 1.36, 341.36, 7.21, 349.74, 1.36, 85.19
59729.0, 1.37, 342.73, 7.19, 356.93, 1.37, 86.56
59730.0, 1.37, 344.10, 7.17, 364.10, 1.37, 87.93
59731.0, 1.37, 345.47, 7.15, 371.25, 1.37, 89.30
59732.0, 1.38, 346.85, 7.13, 378.38, 1.38, 90.68
59733.0, 1.38, 348.23, 7.11, 385.49, 1.38, 92.06
59734.0, 1.38, 349.61, 7.09, 392.59, 1.38, 93.44
59735.0, 1.39, 351.00, 7.08, 399.66, 1.39, 94.83
59736.0, 4.97, 355.97, 3.48, 403.14, 1.39, 96.22
59737.0, 5.46, 361.44, 2.98, 406.12, 1.39, 97.61
59738.0, 5.93, 367.36, 2.50, 408.62, 1.39, 99.00
59739.0, 6.39, 373.75, 2.03, 410.64, 1.40, 100.40
59740.0, 6.87, 380.63, 1.53, 412.17, 1.40, 101.80
59741.0, 7.41, 388.04, 0.99, 413.16, 1.40, 103.20
59742.0, 8.39, 396.43, 0.00, 413.16, 1.40, 104.60
59743.0, 8.38, 404.81, 0.00, 413.16, 1.40, 106.00
59744.0, 8.38, 413.18, 0.00, 413.16, 1.40, 107.41
59746.0, 7.87, 421.05, 0.49, 413.66, 1.41, 108.81
59747.0, 6.94, 428.00, 1.42, 415.07, 1.41, 110.22
59748.0, 6.18, 434.18, 2.18, 417.25, 1.41, 111.63
59749.0, 5.55, 439.73, 2.81, 420.05, 1.41, 113.04
59750.0, 5.01, 444.73, 3.35, 423.40, 1.41, 114.45
59751.0, 4.52, 449.26, 3.83, 427.23, 1.41, 115.86
59752.0, 4.06, 453.32, 4.29, 431.52, 1.41, 117.27
59753.0, 1.41, 454.73, 6.95, 438.47, 1.41, 118.68
59754.0, 1.41, 456.14, 6.95, 445.42, 1.41, 120.09
59755.0, 1.41, 457.55, 6.95, 452.37, 1.41, 121.49
59756.0, 1.41, 458.95, 6.96, 459.33, 1.41, 122.90
59757.0, 1.41, 460.36, 6.96, 466.29, 1.41, 124.31
59758.0, 1.40, 461.76, 6.97, 473.26, 1.40, 125.71
59759.0, 1.40, 463.17, 6.98, 480.23, 1.40, 127.12
59760.0, 1.40, 464.57, 6.99, 487.22, 1.40, 128.52
59761.0, 1.40, 465.97, 7.00, 494.21, 1.40, 129.92
59762.0, 1.40, 467.37, 7.01, 501.22, 1.40, 131.32
59763.0, 1.40, 468.77, 7.02, 508.24, 1.40, 132.71
59764.0, 1.39, 470.16, 7.03, 515.27, 1.39, 134.11
59786.0, 1.32, 471.47, 7.52, 522.79, 1.32, 135.42
59787.0, 1.31, 472.79, 7.55, 530.34, 1.31, 136.73
59788.0, 1.31, 474.09, 7.58, 537.92, 1.31, 138.04
59789.0, 1.30, 475.39, 7.61, 545.53, 1.30, 139.34
59790.0, 1.30, 476.69, 7.64, 553.17, 1.30, 140.64
59791.0, 1.29, 477.98, 7.67, 560.85, 1.29, 141.93
59792.0, 1.29, 479.27, 7.71, 568.55, 1.29, 143.22
59793.0, 1.28, 480.56, 7.74, 576.29, 1.28, 144.50
59794.0, 1.28, 481.84, 7.77, 584.06, 1.28, 145.78
59795.0, 3.54, 485.38, 5.54, 589.60, 1.28, 147.06
59796.0, 4.08, 489.45, 5.03, 594.64, 1.27, 148.33
59797.0, 4.69, 494.15, 4.45, 599.09, 1.27, 149.60
59798.0, 5.42, 499.57, 3.75, 602.83, 1.26, 150.86
59799.0, 6.30, 505.87, 2.90, 605.73, 1.26, 152.12
59800.0, 7.35, 513.22, 1.88, 607.61, 1.25, 153.37
59801.0, 8.54, 521.76, 0.72, 608.33, 1.25, 154.62
59802.0, 9.29, 531.05, 0.00, 608.33, 1.24, 155.86
59803.0, 9.32, 540.37, 0.00, 608.33, 1.24, 157.10
59804.0, 9.35, 549.73, 0.00, 608.33, 1.24, 158.34
59805.0, 9.39, 559.11, 0.00, 608.33, 1.23, 159.57
59806.0, 8.56, 567.68, 0.86, 609.18, 1.23, 160.80
59807.0, 8.09, 575.76, 1.36, 610.55, 1.22, 162.02
59808.0, 7.61, 583.37, 1.87, 612.42, 1.22, 163.24
59809.0, 7.12, 590.49, 2.40, 614.82, 1.22, 164.45
59810.0, 6.58, 597.06, 2.97, 617.79, 1.21, 165.66
59811.0, 5.97, 603.04, 3.61, 621.40, 1.21, 166.87
59812.0, 1.20, 604.24, 8.41, 629.80, 1.20, 168.08
59813.0, 1.20, 605.44, 8.45, 638.25, 1.20, 169.28
59814.0, 1.20, 606.64, 8.48, 646.73, 1.20, 170.47
59815.0, 1.19, 607.83, 8.52, 655.25, 1.19, 171.66
59816.0, 1.19, 609.02, 8.56, 663.81, 1.19, 172.85
59817.0, 1.19, 610.20, 8.59, 672.40, 1.19, 174.04
59818.0, 1.18, 611.39, 8.63, 681.04, 1.18, 175.22
59819.0, 1.18, 612.56, 8.67, 689.70, 1.18, 176.40
59820.0, 1.18, 613.74, 8.71, 698.41, 1.18, 177.58
59821.0, 1.17, 614.91, 8.74, 707.15, 1.17, 178.75
59822.0, 1.17, 616.08, 8.78, 715.93, 1.17, 179.92
59823.0, 1.17, 617.25, 8.82, 724.75, 1.17, 181.08
59824.0, 1.16, 618.41, 8.85, 733.60, 1.16, 182.25
59825.0, 3.86, 622.27, 6.19, 739.80, 1.16, 183.41
59826.0, 4.67, 626.94, 5.42, 745.21, 1.16, 184.56
59827.0, 5.63, 632.57, 4.49, 749.70, 1.15, 185.72
59828.0, 6.74, 639.31, 3.41, 753.12, 1.15, 186.87
59829.0, 7.95, 647.26, 2.24, 755.36, 1.15, 188.02
59830.0, 9.18, 656.44, 1.04, 756.40, 1.15, 189.17
59831.0, 10.26, 666.70, 0.00, 756.40, 1.14, 190.31
59832.0, 10.29, 676.99, 0.00, 756.40, 1.14, 191.45
59834.0, 10.36, 687.35, 0.00, 756.40, 1.14, 192.59
59835.0, 9.93, 697.28, 0.46, 756.86, 1.14, 193.73
59836.0, 9.44, 706.72, 0.99, 757.85, 1.13, 194.86
59837.0, 8.91, 715.63, 1.55, 759.40, 1.13, 195.99
59838.0, 8.32, 723.95, 2.17, 761.58, 1.13, 197.12
59839.0, 7.66, 731.61, 2.87, 764.44, 1.13, 198.25
59840.0, 6.92, 738.53, 3.65, 768.09, 1.13, 199.38
59841.0, 6.09, 744.62, 4.51, 772.60, 1.13, 200.50
59842.0, 1.12, 745.74, 9.51, 782.11, 1.12, 201.63
59843.0, 1.12, 746.87, 9.55, 791.65, 1.12, 202.75
59844.0, 0.48, 747.35, 9.58, 801.24, 0.48, 203.23
59845.0, 0.48, 747.83, 9.62, 810.85, 0.48, 203.71
59846.0, 0.48, 748.31, 9.65, 820.50, 0.48, 204.19
59847.0, 0.48, 748.79, 9.69, 830.19, 0.48, 204.67
59848.0, 0.48, 749.27, 9.72, 839.91, 0.48, 205.15
59849.0, 0.48, 749.75, 9.75, 849.66, 0.48, 205.63
59850.0, 0.48, 750.23, 9.79, 859.45, 0.48, 206.11
59851.0, 0.48, 750.71, 9.82, 869.27, 0.48, 206.59
59852.0, 0.48, 751.18, 9.86, 879.13, 0.48, 207.07
59853.0, 0.48, 751.66, 9.89, 889.02, 0.48, 207.54
59854.0, 3.49, 755.15, 6.92, 895.94, 0.48, 208.02
59855.0, 4.53, 759.68, 5.90, 901.84, 0.48, 208.50
59856.0, 5.69, 765.37, 4.78, 906.62, 0.48, 208.97
59857.0, 6.88, 772.25, 3.62, 910.24, 0.48, 209.45
59858.0, 8.08, 780.33, 2.46, 912.70, 0.48, 209.93
59859.0, 9.24, 789.57, 1.33, 914.03, 0.48, 210.40
59860.0, 10.60, 800.17, 0.00, 914.03, 0.48, 210.88
59862.0, 10.66, 810.83, 0.00, 914.03, 0.48, 211.36
59863.0, 10.70, 821.53, 0.00, 914.03, 0.48, 211.83
59864.0, 10.73, 832.25, 0.00, 914.03, 0.48, 212.31
59865.0, 10.06, 842.32, 0.69, 914.72, 0.48, 212.78
59866.0, 9.43, 851.75, 1.36, 916.08, 0.48, 213.26
59867.0, 8.72, 860.46, 2.11, 918.19, 0.48, 213.73
59868.0, 7.92, 868.38, 2.94, 921.12, 0.48, 214.21
59869.0, 7.04, 875.42, 3.84, 924.96, 0.48, 214.69
59870.0, 6.11, 881.53, 4.80, 929.76, 0.48, 215.16
59871.0, 0.48, 882.01, 10.47, 940.23, 0.48, 215.64
59872.0, 0.48, 882.49, 10.50, 950.73, 0.48, 216.12
59873.0, 0.48, 882.96, 10.53, 961.25, 0.48, 216.59
59874.0, 0.48, 883.44, 10.56, 971.81, 0.48, 217.07
59875.0, 0.48, 883.92, 10.59, 982.40, 0.48, 217.55
59876.0, 0.48, 884.40, 10.61, 993.01, 0.48, 218.03
59877.0, 0.48, 884.88, 10.64, 1003.65, 0.48, 218.50
59878.0, 0.48, 885.35, 10.67, 1014.32, 0.48, 218.98
59879.0, 0.48, 885.83, 10.70, 1025.02, 0.48, 219.46
59880.0, 0.48, 886.31, 10.73, 1035.75, 0.48, 219.94
59881.0, 0.48, 886.79, 10.75, 1046.50, 0.48, 220.42
59882.0, 0.48, 887.27, 10.78, 1057.28, 0.48, 220.90
59883.0, 4.05, 891.32, 7.24, 1064.52, 0.48, 221.38
59884.0, 5.23, 896.55, 6.09, 1070.61, 0.48, 221.86
59885.0, 6.40, 902.95, 4.94, 1075.55, 0.48, 222.34
59886.0, 7.54, 910.49, 3.82, 1079.37, 0.48, 222.83
59887.0, 8.64, 919.14, 2.75, 1082.12, 0.48, 223.31
59888.0, 9.71, 928.84, 1.71, 1083.84, 0.48, 223.79
59889.0, 10.75, 939.60, 0.69, 1084.53, 0.48, 224.28
59890.0, 11.47, 951.06, 0.00, 1084.53, 0.48, 224.76
59891.0, 11.49, 962.56, 0.00, 1084.53, 0.49, 225.25
59893.0, 11.54, 974.10, 0.00, 1084.53, 0.49, 225.73
59894.0, 11.56, 985.66, 0.00, 1084.53, 0.49, 226.22
59895.0, 10.41, 996.07, 1.18, 1085.71, 0.49, 226.71
59896.0, 9.56, 1005.63, 2.05, 1087.76, 0.49, 227.20
59897.0, 8.65, 1014.28, 2.98, 1090.74, 0.49, 227.68
59898.0, 7.71, 1022.00, 3.94, 1094.68, 0.49, 228.17
59899.0, 6.76, 1028.75, 4.92, 1099.60, 0.49, 228.66
59900.0, 5.81, 1034.56, 5.89, 1105.49, 0.49, 229.15
59901.0, 0.49, 1035.05, 11.23, 1116.71, 0.49, 229.64
59902.0, 0.49, 1035.54, 11.24, 1127.96, 0.49, 230.14
59903.0, 0.49, 1036.04, 11.26, 1139.22, 0.49, 230.63
59904.0, 0.49, 1036.53, 11.28, 1150.51, 0.49, 231.12
59905.0, 0.49, 1037.02, 11.30, 1161.81, 0.49, 231.62
59906.0, 0.49, 1037.52, 11.32, 1173.12, 0.49, 232.11
59907.0, 0.49, 1038.01, 11.33, 1184.46, 0.49, 232.61
59908.0, 0.50, 1038.51, 11.35, 1195.81, 0.50, 233.10
59909.0, 0.50, 1039.00, 11.37, 1207.17, 0.50, 233.60
59910.0, 0.50, 1039.50, 11.38, 1218.56, 0.50, 234.09
59911.0, 0.50, 1040.00, 11.40, 1229.95, 0.50, 234.59
59912.0, 0.50, 1040.49, 11.41, 1241.36, 0.50, 235.09
59913.0, 5.62, 1046.12, 6.30, 1247.66, 0.50, 235.59
59914.0, 6.72, 1052.84, 5.21, 1252.87, 0.50, 236.09
59915.0, 7.78, 1060.62, 4.17, 1257.05, 0.50, 236.59
59916.0, 8.80, 1069.42, 3.16, 1260.21, 0.50, 237.09
59917.0, 9.81, 1079.22, 2.17, 1262.38, 0.50, 237.59
59918.0, 10.82, 1090.04, 1.17, 1263.54, 0.50, 238.09
59919.0, 12.00, 1102.04, 0.00, 1263.54, 0.50, 238.59
59920.0, 12.01, 1114.04, 0.00, 1263.54, 0.50, 239.09
59922.0, 12.02, 1126.07, 0.00, 1263.54, 0.50, 239.59
59923.0, 12.03, 1138.10, 0.00, 1263.54, 0.50, 240.09
59924.0, 11.15, 1149.25, 0.89, 1264.43, 0.50, 240.60
59925.0, 10.22, 1159.47, 1.83, 1266.26, 0.50, 241.10
59926.0, 9.27, 1168.74, 2.78, 1269.04, 0.50, 241.60
59927.0, 8.32, 1177.07, 3.73, 1272.77, 0.50, 242.11
59928.0, 7.39, 1184.46, 4.68, 1277.45, 0.50, 242.61
59929.0, 6.45, 1190.90, 5.62, 1283.07, 0.50, 243.12
59930.0, 5.50, 1196.40, 6.57, 1289.64, 0.50, 243.62
59931.0, 0.50, 1196.91, 11.57, 1301.21, 0.50, 244.12
59932.0, 0.50, 1197.41, 11.57, 1312.78, 0.50, 244.63
59933.0, 0.50, 1197.92, 11.57, 1324.35, 0.50, 245.13
59934.0, 0.50, 1198.42, 11.57, 1335.93, 0.50, 245.64
59935.0, 0.50, 1198.93, 11.57, 1347.50, 0.50, 246.14
59936.0, 0.50, 1199.43, 11.57, 1359.07, 0.50, 246.65
59937.0, 0.50, 1199.93, 11.57, 1370.64, 0.50, 247.15
59938.0, 0.50, 1200.44, 11.57, 1382.21, 0.50, 247.66
59939.0, 0.50, 1200.94, 11.57, 1393.78, 0.50, 248.16
59940.0, 0.50, 1201.45, 11.56, 1405.34, 0.50, 248.66
59941.0, 0.50, 1201.95, 11.56, 1416.90, 0.50, 249.17
59942.0, 5.50, 1207.45, 6.56, 1423.46, 0.50, 249.67
59943.0, 6.53, 1213.99, 5.52, 1428.98, 0.50, 250.18
59944.0, 7.54, 1221.53, 4.51, 1433.49, 0.50, 250.68
59945.0, 8.54, 1230.07, 3.50, 1436.99, 0.50, 251.18
59946.0, 9.54, 1239.60, 2.50, 1439.49, 0.50, 251.68
59947.0, 10.53, 1250.13, 1.50, 1440.98, 0.50, 252.19
59948.0, 11.50, 1261.64, 0.51, 1441.50, 0.50, 252.69
59949.0, 12.01, 1273.64, 0.00, 1441.50, 0.50, 253.19
59950.0, 12.00, 1285.64, 0.00, 1441.50, 0.50, 253.69
59952.0, 11.98, 1297.62, 0.00, 1441.50, 0.50, 254.19
59953.0, 11.96, 1309.58, 0.00, 1441.50, 0.50, 254.69
59954.0, 10.60, 1320.18, 1.36, 1442.85, 0.50, 255.19
59955.0, 9.65, 1329.83, 2.29, 1445.14, 0.50, 255.69
59956.0, 8.71, 1338.54, 3.21, 1448.35, 0.50, 256.19
59957.0, 7.77, 1346.32, 4.14, 1452.49, 0.50, 256.69
59958.0, 6.82, 1353.14, 5.08, 1457.57, 0.50, 257.18
59959.0, 5.83, 1358.97, 6.05, 1463.62, 0.50, 257.68
59960.0, 4.78, 1363.75, 7.09, 1470.71, 0.50, 258.18
59961.0, 0.50, 1364.24, 11.35, 1482.06, 0.50, 258.67
59962.0, 0.50, 1364.74, 11.34, 1493.40, 0.50, 259.17
59963.0, 0.49, 1365.23, 11.32, 1504.71, 0.49, 259.66
59964.0, 0.49, 1365.72, 11.30, 1516.02, 0.49, 260.16
59965.0, 0.49, 1366.22, 11.28, 1527.30, 0.49, 260.65
59966.0, 0.49, 1366.71, 11.27, 1538.57, 0.49, 261.14
59967.0, 0.49, 1367.20, 11.25, 1549.81, 0.49, 261.63
59968.0, 0.49, 1367.69, 11.23, 1561.04, 0.49, 262.12
59969.0, 0.49, 1368.18, 11.21, 1572.25, 0.49, 262.62
59970.0, 0.49, 1368.67, 11.19, 1583.44, 0.49, 263.11
59971.0, 0.49, 1369.16, 11.17, 1594.60, 0.49, 263.60
59972.0, 6.04, 1375.21, 5.59, 1600.20, 0.49, 264.08
59973.0, 7.05, 1382.26, 4.56, 1604.75, 0.49, 264.57
59974.0, 8.06, 1390.32, 3.53, 1608.29, 0.49, 265.06
59975.0, 9.04, 1399.35, 2.53, 1610.81, 0.49, 265.55
59976.0, 9.98, 1409.33, 1.57, 1612.38, 0.49, 266.03
59977.0, 10.85, 1420.18, 0.67, 1613.05, 0.49, 266.52
59978.0, 11.49, 1431.67, 0.00, 1613.05, 0.49, 267.00
59979.0, 11.47, 1443.14, 0.00, 1613.05, 0.48, 267.49
59981.0, 11.42, 1454.56, 0.00, 1613.05, 0.48, 267.97
59982.0, 11.39, 1465.95, 0.00, 1613.05, 0.48, 268.45
59983.0, 10.61, 1476.56, 0.76, 1613.81, 0.48, 268.94
59984.0, 9.66, 1486.22, 1.68, 1615.49, 0.48, 269.42
59985.0, 8.70, 1494.92, 2.61, 1618.10, 0.48, 269.90
59986.0, 7.73, 1502.65, 3.56, 1621.66, 0.48, 270.38
59987.0, 6.71, 1509.36, 4.55, 1626.21, 0.48, 270.86
59988.0, 5.64, 1514.99, 5.59, 1631.80, 0.48, 271.34
59989.0, 4.51, 1519.50, 6.69, 1638.49, 0.48, 271.82
59990.0, 0.48, 1519.98, 10.69, 1649.19, 0.48, 272.30
59991.0, 0.48, 1520.46, 10.67, 1659.85, 0.48, 272.78
59992.0, 0.48, 1520.94, 10.64, 1670.49, 0.48, 273.25
59993.0, 0.48, 1521.41, 10.61, 1681.10, 0.48, 273.73
59994.0, 0.48, 1521.89, 10.58, 1691.68, 0.48, 274.21
59995.0, 0.48, 1522.37, 10.55, 1702.23, 0.48, 274.69
59996.0, 0.48, 1522.84, 10.52, 1712.75, 0.48, 275.16
59997.0, 0.48, 1523.32, 10.49, 1723.24, 0.48, 275.64
59998.0, 0.48, 1523.80, 10.46, 1733.70, 0.48, 276.12
59999.0, 0.48, 1524.27, 10.43, 1744.13, 0.48, 276.59
60000.0, 0.48, 1524.75, 10.40, 1754.53, 0.48, 277.07
60001.0, 5.51, 1530.26, 5.33, 1759.86, 0.48, 277.55
60002.0, 6.53, 1536.79, 4.29, 1764.15, 0.48, 278.02
60003.0, 7.50, 1544.29, 3.28, 1767.43, 0.48, 278.50
60004.0, 8.41, 1552.69, 2.34, 1769.77, 0.48, 278.97
60005.0, 9.22, 1561.91, 1.50, 1771.27, 0.48, 279.45
60006.0, 9.94, 1571.85, 0.75, 1772.02, 0.48, 279.92
60007.0, 10.65, 1582.50, 0.00, 1772.02, 0.48, 280.40
60008.0, 10.62, 1593.12, 0.00, 1772.02, 0.48, 280.88
60009.0, 10.59, 1603.70, 0.00, 1772.02, 0.48, 281.35
60010.0, 10.55, 1614.25, 0.00, 1772.02, 0.48, 281.83
60012.0, 10.49, 1624.74, 0.00, 1772.02, 0.48, 282.31
60013.0, 9.33, 1634.07, 1.12, 1773.14, 0.48, 282.78
60014.0, 8.31, 1642.39, 2.10, 1775.24, 0.48, 283.26
60015.0, 7.25, 1649.64, 3.13, 1778.37, 0.48, 283.74
60016.0, 6.15, 1655.79, 4.21, 1782.58, 0.48, 284.21
60017.0, 5.01, 1660.79, 5.31, 1787.89, 0.48, 284.69
60018.0, 3.88, 1664.67, 6.40, 1794.29, 0.48, 285.17
60019.0, 0.48, 1665.15, 9.77, 1804.06, 0.48, 285.65
60020.0, 0.48, 1665.63, 9.73, 1813.80, 0.48, 286.13
60021.0, 0.48, 1666.11, 9.70, 1823.50, 0.48, 286.61
60022.0, 0.48, 1666.59, 9.66, 1833.16, 0.48, 287.09
60023.0, 0.48, 1667.07, 9.63, 1842.79, 0.48, 287.57
60024.0, 1.12, 1668.19, 9.59, 1852.38, 1.12, 288.69
60025.0, 1.12, 1669.31, 9.56, 1861.94, 1.12, 289.81
60026.0, 1.12, 1670.44, 9.52, 1871.46, 1.12, 290.94
60027.0, 1.12, 1671.56, 9.49, 1880.95, 1.12, 292.06
60028.0, 1.13, 1672.69, 9.45, 1890.40, 1.13, 293.19
60029.0, 1.13, 1673.82, 9.41, 1899.81, 1.13, 294.31
60030.0, 1.13, 1674.95, 9.38, 1909.18, 1.13, 295.44
60031.0, 6.58, 1681.52, 3.90, 1913.08, 1.13, 296.58
60032.0, 7.44, 1688.96, 3.00, 1916.07, 1.13, 297.71
60033.0, 8.20, 1697.16, 2.20, 1918.27, 1.14, 298.84
60034.0, 8.86, 1706.02, 1.51, 1919.78, 1.14, 299.98
60035.0, 9.42, 1715.44, 0.91, 1920.69, 1.14, 301.12
60036.0, 10.30, 1725.74, 0.00, 1920.69, 1.14, 302.26
60037.0, 10.26, 1736.00, 0.00, 1920.69, 1.14, 303.41
60038.0, 10.23, 1746.23, 0.00, 1920.69, 1.15, 304.55
60039.0, 10.19, 1756.42, 0.00, 1920.69, 1.15, 305.70
60041.0, 10.12, 1766.55, 0.00, 1920.69, 1.15, 306.86
60042.0, 9.45, 1775.99, 0.64, 1921.33, 1.16, 308.02
60043.0, 8.34, 1784.33, 1.72, 1923.05, 1.16, 309.18
60044.0, 7.19, 1791.52, 2.83, 1925.88, 1.16, 310.34
60045.0, 6.05, 1797.58, 3.93, 1929.81, 1.17, 311.51
60046.0, 4.97, 1802.55, 4.97, 1934.78, 1.17, 312.67
60047.0, 4.01, 1806.56, 5.91, 1940.69, 1.17, 313.85
60048.0, 3.17, 1809.73, 6.71, 1947.40, 1.18, 315.02
60049.0, 1.18, 1810.91, 8.67, 1956.06, 1.18, 316.20
60050.0, 1.18, 1812.09, 8.63, 1964.69, 1.18, 317.38
60051.0, 1.19, 1813.28, 8.59, 1973.28, 1.19, 318.57
60052.0, 1.19, 1814.47, 8.55, 1981.84, 1.19, 319.76
60053.0, 1.19, 1815.66, 8.52, 1990.36, 1.19, 320.95
60054.0, 1.20, 1816.86, 8.48, 1998.83, 1.20, 322.15
60055.0, 1.20, 1818.06, 8.44, 2007.28, 1.20, 323.35
60056.0, 1.20, 1819.26, 8.40, 2015.68, 1.20, 324.55
60057.0, 1.21, 1820.47, 8.37, 2024.05, 1.21, 325.76
60058.0, 1.21, 1821.68, 8.33, 2032.38, 1.21, 326.97
60059.0, 1.22, 1822.90, 8.29, 2040.67, 1.22, 328.19
60060.0, 1.22, 1824.12, 8.26, 2048.93, 1.22, 329.41
60061.0, 6.50, 1830.62, 2.95, 2051.87, 1.22, 330.63
60062.0, 7.10, 1837.71, 2.31, 2054.19, 1.23, 331.86
60063.0, 7.62, 1845.33, 1.76, 2055.95, 1.23, 333.09
60064.0, 8.08, 1853.42, 1.26, 2057.21, 1.24, 334.33
60065.0, 8.51, 1861.93, 0.80, 2058.01, 1.24, 335.57
60066.0, 9.28, 1871.21, 0.00, 2058.01, 1.25, 336.82
60067.0, 9.25, 1880.47, 0.00, 2058.01, 1.25, 338.07
60068.0, 9.22, 1889.69, 0.00, 2058.01, 1.25, 339.32
60069.0, 9.19, 1898.88, 0.00, 2058.01, 1.26, 340.58
60071.0, 9.13, 1908.01, 0.00, 2058.01, 1.27, 341.85
60072.0, 7.76, 1915.76, 1.34, 2059.35, 1.27, 343.12
60073.0, 6.64, 1922.40, 2.44, 2061.79, 1.28, 344.40
60074.0, 5.62, 1928.02, 3.42, 2065.21, 1.28, 345.68
60075.0, 4.75, 1932.77, 4.26, 2069.47, 1.29, 346.96
60076.0, 4.01, 1936.78, 4.97, 2074.44, 1.29, 348.25
60077.0, 3.39, 1940.17, 5.57, 2080.01, 1.29, 349.55
60078.0, 1.30, 1941.47, 7.63, 2087.64, 1.30, 350.85
60079.0, 1.30, 1942.78, 7.60, 2095.24, 1.30, 352.15
60080.0, 1.31, 1944.08, 7.57, 2102.81, 1.31, 353.46
60081.0, 1.31, 1945.40, 7.54, 2110.35, 1.31, 354.77
60082.0, 1.32, 1946.71, 7.51, 2117.86, 1.32, 356.09
60083.0, 1.32, 1948.04, 7.48, 2125.33, 1.32, 357.41
60084.0, 1.33, 1949.36, 7.45, 2132.78, 1.33, 358.74
60085.0, 1.33, 1950.69, 7.42, 2140.21, 1.33, 360.07
60086.0, 1.33, 1952.03, 7.39, 2147.60, 1.33, 361.40
60087.0, 1.34, 1953.37, 7.37, 2154.96, 1.34, 362.74
60088.0, 1.34, 1954.71, 7.34, 2162.30, 1.34, 364.09
60089.0, 1.35, 1956.06, 7.31, 2169.62, 1.35, 365.43
60090.0, 5.30, 1961.36, 3.34, 2172.96, 1.35, 366.78
60091.0, 5.79, 1967.15, 2.83, 2175.79, 1.35, 368.14
60092.0, 6.23, 1973.37, 2.37, 2178.16, 1.36, 369.50
60093.0, 6.64, 1980.01, 1.94, 2180.10, 1.36, 370.86
60094.0, 7.06, 1987.07, 1.51, 2181.61, 1.37, 372.23
60095.0, 7.49, 1994.56, 1.06, 2182.66, 1.37, 373.60
60096.0, 7.97, 2002.53, 0.56, 2183.22, 1.37, 374.97
60097.0, 8.51, 2011.04, 0.00, 2183.22, 1.38, 376.34
60098.0, 8.50, 2019.54, 0.00, 2183.22, 1.38, 377.72
60100.0, 8.47, 2028.00, 0.00, 2183.22, 1.39, 379.11
60101.0, 7.59, 2035.59, 0.87, 2184.09, 1.39, 380.50
60102.0, 6.65, 2042.23, 1.80, 2185.89, 1.39, 381.89
60103.0, 5.86, 2048.09, 2.57, 2188.46, 1.39, 383.28
60104.0, 5.20, 2053.29, 3.22, 2191.68, 1.40, 384.68
60105.0, 4.63, 2057.92, 3.78, 2195.46, 1.40, 386.07
60106.0, 4.12, 2062.04, 4.27, 2199.73, 1.40, 387.47
60107.0, 1.40, 2063.45, 6.99, 2206.72, 1.40, 388.88
60108.0, 1.40, 2064.85, 6.98, 2213.70, 1.40, 390.28
60109.0, 1.40, 2066.25, 6.97, 2220.67, 1.40, 391.68
60110.0, 1.41, 2067.66, 6.96, 2227.64, 1.41, 393.09
60111.0, 1.41, 2069.07, 6.96, 2234.60, 1.41, 394.49
60112.0, 1.41, 2070.47, 6.95, 2241.55, 1.41, 395.90
60113.0, 1.41, 2071.88, 6.95, 2248.50, 1.41, 397.31
60114.0, 1.41, 2073.29, 6.95, 2255.45, 1.41, 398.72
60115.0, 1.41, 2074.70, 6.94, 2262.39, 1.41, 400.13
60116.0, 1.41, 2076.11, 6.94, 2269.34, 1.41, 401.54
60117.0, 1.41, 2077.52, 6.94, 2276.28, 1.41, 402.95
60118.0, 1.41, 2078.93, 6.95, 2283.22, 1.41, 404.36
60119.0, 1.41, 2080.34, 6.95, 2290.17, 1.41, 405.77
60120.0, 4.49, 2084.82, 3.87, 2294.04, 1.41, 407.17
60121.0, 4.90, 2089.72, 3.46, 2297.51, 1.41, 408.58
60122.0, 5.32, 2095.04, 3.05, 2300.56, 1.41, 409.99
60123.0, 5.77, 2100.82, 2.60, 2303.15, 1.41, 411.39
60124.0, 6.29, 2107.10, 2.09, 2305.25, 1.40, 412.80
60125.0, 6.90, 2114.00, 1.49, 2306.74, 1.40, 414.20
60126.0, 7.64, 2121.63, 0.76, 2307.49, 1.40, 415.60
60127.0, 8.40, 2130.04, 0.00, 2307.49, 1.40, 417.00
60128.0, 8.41, 2138.45, 0.00, 2307.49, 1.40, 418.40
60129.0, 8.42, 2146.87, 0.00, 2307.49, 1.39, 419.79
60175.0, 1.21, 2148.08, 8.33, 2315.82, 1.21, 421.00
60176.0, 1.21, 2149.29, 8.36, 2324.18, 1.21, 422.21
60177.0, 1.20, 2150.50, 8.40, 2332.58, 1.20, 423.42
60178.0, 1.20, 2151.70, 8.44, 2341.02, 1.20, 424.62
60179.0, 3.32, 2155.02, 6.35, 2347.37, 1.20, 425.81
60180.0, 3.94, 2158.96, 5.77, 2353.13, 1.19, 427.01
60181.0, 4.68, 2163.63, 5.06, 2358.20, 1.19, 428.20
60182.0, 5.57, 2169.20, 4.20, 2362.40, 1.19, 429.38
60183.0, 6.64, 2175.84, 3.17, 2365.56, 1.18, 430.57
60184.0, 7.85, 2183.69, 1.99, 2367.56, 1.18, 431.75
60185.0, 9.13, 2192.82, 0.75, 2368.30, 1.18, 432.92
60186.0, 9.91, 2202.72, 0.00, 2368.30, 1.17, 434.10
60188.0, 9.97, 2212.70, 0.00, 2368.30, 1.17, 435.26
60189.0, 10.01, 2222.71, 0.00, 2368.30, 1.16, 436.43
60190.0, 9.35, 2232.05, 0.70, 2369.00, 1.16, 437.59
60191.0, 8.82, 2240.88, 1.26, 2370.25, 1.16, 438.75
60192.0, 8.25, 2249.12, 1.86, 2372.12, 1.16, 439.90
60193.0, 7.61, 2256.73, 2.54, 2374.65, 1.15, 441.05
60194.0, 6.88, 2263.61, 3.30, 2377.95, 1.15, 442.20
60195.0, 6.07, 2269.68, 4.15, 2382.10, 1.15, 443.35
60196.0, 1.15, 2270.83, 9.10, 2391.20, 1.15, 444.50
60197.0, 1.14, 2271.97, 9.14, 2400.34, 1.14, 445.64
60198.0, 1.14, 2273.11, 9.18, 2409.52, 1.14, 446.78
60199.0, 1.14, 2274.25, 9.21, 2418.73, 1.14, 447.92
60200.0, 1.14, 2275.38, 9.25, 2427.98, 1.14, 449.05
60201.0, 1.13, 2276.52, 9.29, 2437.27, 1.13, 450.19
60202.0, 1.13, 2277.65, 9.32, 2446.59, 1.13, 451.32
60203.0, 1.13, 2278.78, 9.36, 2455.95, 1.13, 452.45
60204.0, 1.13, 2279.91, 9.39, 2465.34, 1.13, 453.58
60205.0, 1.13, 2281.04, 9.43, 2474.77, 1.13, 454.71
60206.0, 1.13, 2282.16, 9.47, 2484.24, 1.13, 455.83
60207.0, 1.12, 2283.29, 9.50, 2493.74, 1.12, 456.96
60208.0, 1.12, 2284.41, 9.54, 2503.28, 1.12, 458.08
60209.0, 3.37, 2287.78, 6.68, 2509.96, 0.48, 458.56
60210.0, 4.35, 2292.13, 5.74, 2515.69, 0.48, 459.04
60211.0, 5.47, 2297.60, 4.65, 2520.35, 0.48, 459.52
60212.0, 6.69, 2304.29, 3.47, 2523.82, 0.48, 460.00
60213.0, 7.94, 2312.23, 2.25, 2526.07, 0.48, 460.48
60214.0, 9.19, 2321.42, 1.04, 2527.10, 0.48, 460.96
60215.0, 10.26, 2331.68, 0.00, 2527.10, 0.48, 461.44
60216.0, 10.29, 2341.97, 0.00, 2527.10, 0.48, 461.92
60218.0, 10.36, 2352.34, 0.00, 2527.10, 0.48, 462.40
60219.0, 10.39, 2362.73, 0.00, 2527.10, 0.48, 462.88
60220.0, 9.37, 2372.09, 1.06, 2528.17, 0.48, 463.35
60221.0, 8.66, 2380.75, 1.80, 2529.97, 0.48, 463.83
60222.0, 7.86, 2388.61, 2.64, 2532.61, 0.48, 464.31
60223.0, 6.97, 2395.58, 3.55, 2536.16, 0.48, 464.78
60224.0, 6.03, 2401.61, 4.53, 2540.69, 0.48, 465.26
60225.0, 0.48, 2402.08, 10.12, 2550.81, 0.48, 465.73
60226.0, 0.48, 2402.56, 10.15, 2560.95, 0.48, 466.21
60227.0, 0.48, 2403.04, 10.18, 2571.13, 0.48, 466.68
60228.0, 0.48, 2403.51, 10.21, 2581.35, 0.48, 467.16
60229.0, 0.48, 2403.99, 10.24, 2591.59, 0.48, 467.64
60230.0, 0.48, 2404.46, 10.28, 2601.86, 0.48, 468.11
60231.0, 0.48, 2404.94, 10.31, 2612.17, 0.48, 468.59
60232.0, 0.48, 2405.42, 10.34, 2622.51, 0.48, 469.06
60233.0, 0.48, 2405.89, 10.37, 2632.88, 0.48, 469.54
60234.0, 0.48, 2406.37, 10.40, 2643.28, 0.48, 470.02
60235.0, 0.48, 2406.84, 10.43, 2653.71, 0.48, 470.49
60236.0, 0.48, 2407.32, 10.46, 2664.17, 0.48, 470.97
60237.0, 0.48, 2407.80, 10.49, 2674.66, 0.48, 471.45
60238.0, 3.87, 2411.66, 7.13, 2681.79, 0.48, 471.92
60239.0, 5.02, 2416.69, 6.00, 2687.79, 0.48, 472.40
60240.0, 6.22, 2422.91, 4.83, 2692.62, 0.48, 472.88
60241.0, 7.43, 2430.34, 3.66, 2696.28, 0.48, 473.35
60242.0, 8.61, 2438.95, 2.50, 2698.78, 0.48, 473.83
60243.0, 9.78, 2448.72, 1.37, 2700.15, 0.48, 474.31
60244.0, 11.17, 2459.89, 0.00, 2700.15, 0.48, 474.79
60245.0, 11.20, 2471.09, 0.00, 2700.15, 0.48, 475.27
60247.0, 11.25, 2482.35, 0.00, 2700.15, 0.48, 475.75
60248.0, 11.28, 2493.63, 0.00, 2700.15, 0.48, 476.23
60249.0, 10.37, 2504.00, 0.94, 2701.09, 0.48, 476.71
60250.0, 9.50, 2513.50, 1.83, 2702.92, 0.48, 477.19
60251.0, 8.56, 2522.07, 2.80, 2705.71, 0.48, 477.68
60252.0, 7.59, 2529.66, 3.80, 2709.51, 0.48, 478.16
60253.0, 6.62, 2536.28, 4.80, 2714.31, 0.48, 478.64
60254.0, 5.66, 2541.94, 5.78, 2720.08, 0.48, 479.12
60255.0, 0.48, 2542.42, 10.98, 2731.06, 0.48, 479.61
60256.0, 0.48, 2542.91, 11.00, 2742.06, 0.48, 480.09
60257.0, 0.49, 2543.39, 11.03, 2753.09, 0.49, 480.58
60258.0, 0.49, 2543.88, 11.05, 2764.14, 0.49, 481.07
60259.0, 0.49, 2544.37, 11.07, 2775.21, 0.49, 481.55
60260.0, 0.49, 2544.85, 11.10, 2786.31, 0.49, 482.04
60261.0, 0.49, 2545.34, 11.12, 2797.43, 0.49, 482.53
60262.0, 0.49, 2545.83, 11.14, 2808.56, 0.49, 483.02
60263.0, 0.49, 2546.32, 11.16, 2819.72, 0.49, 483.51
60264.0, 0.49, 2546.81, 11.18, 2830.91, 0.49, 484.00
60265.0, 0.49, 2547.30, 11.20, 2842.11, 0.49, 484.49
60266.0, 0.49, 2547.79, 11.22, 2853.33, 0.49, 484.98
60267.0, 0.49, 2548.28, 11.24, 2864.57, 0.49, 485.47
60268.0, 5.59, 2553.87, 6.16, 2870.73, 0.49, 485.96
60269.0, 6.74, 2560.61, 5.03, 2875.77, 0.49, 486.45
60270.0, 7.86, 2568.47, 3.93, 2879.69, 0.49, 486.95
60271.0, 8.97, 2577.44, 2.84, 2882.53, 0.49, 487.44
60272.0, 10.08, 2587.52, 1.74, 2884.27, 0.49, 487.94
60273.0, 11.21, 2598.73, 0.63, 2884.90, 0.50, 488.43
60274.0, 11.86, 2610.59, 0.00, 2884.90, 0.50, 488.93
60275.0, 11.87, 2622.47, 0.00, 2884.90, 0.50, 489.42
60276.0, 11.89, 2634.36, 0.00, 2884.90, 0.50, 489.92
60278.0, 11.17, 2645.53, 0.75, 2885.65, 0.50, 490.42
60279.0, 10.19, 2655.72, 1.74, 2887.40, 0.50, 490.92
60280.0, 9.20, 2664.92, 2.75, 2890.14, 0.50, 491.42
60281.0, 8.23, 2673.14, 3.73, 2893.88, 0.50, 491.92
60282.0, 7.28, 2680.42, 4.69, 2898.57, 0.50, 492.42
60283.0, 6.36, 2686.79, 5.62, 2904.19, 0.50, 492.92
60284.0, 5.46, 2692.25, 6.53, 2910.72, 0.50, 493.42
60285.0, 0.50, 2692.75, 11.50, 2922.22, 0.50, 493.92
60286.0, 0.50, 2693.25, 11.51, 2933.73, 0.50, 494.42
60287.0, 0.50, 2693.75, 11.52, 2945.25, 0.50, 494.92
60288.0, 0.50, 2694.26, 11.53, 2956.78, 0.50, 495.43
60289.0, 0.50, 2694.76, 11.54, 2968.31, 0.50, 495.93
60290.0, 0.50, 2695.26, 11.54, 2979.85, 0.50, 496.43
60291.0, 0.50, 2695.77, 11.55, 2991.40, 0.50, 496.94
60292.0, 0.50, 2696.27, 11.55, 3002.96, 0.50, 497.44
60293.0, 0.50, 2696.77, 11.56, 3014.51, 0.50, 497.94
60294.0, 0.50, 2697.28, 11.56, 3026.08, 0.50, 498.45
60295.0, 0.50, 2697.78, 11.57, 3037.64, 0.50, 498.95
60296.0, 0.50, 2698.29, 11.57, 3049.21, 0.50, 499.46
60297.0, 5.71, 2704.00, 6.36, 3055.57, 0.50, 499.96
60298.0, 6.80, 2710.80, 5.27, 3060.84, 0.50, 500.47
60299.0, 7.88, 2718.69, 4.20, 3065.04, 0.50, 500.97
60300.0, 8.96, 2727.65, 3.11, 3068.15, 0.50, 501.48
60301.0, 10.06, 2737.71, 2.02, 3070.17, 0.50, 501.98
60302.0, 11.16, 2748.87, 0.91, 3071.08, 0.50, 502.48
60303.0, 12.07, 2760.95, 0.00, 3071.08, 0.50, 502.99
60304.0, 12.07, 2773.02, 0.00, 3071.08, 0.50, 503.49
60306.0, 12.06, 2785.08, 0.00, 3071.08, 0.50, 504.00
60307.0, 12.06, 2797.14, 0.00, 3071.08, 0.50, 504.50
60308.0, 10.68, 2807.83, 1.37, 3072.46, 0.50, 505.00
60309.0, 9.71, 2817.54, 2.34, 3074.79, 0.50, 505.51
60310.0, 8.78, 2826.32, 3.27, 3078.06, 0.50, 506.01
60311.0, 7.86, 2834.18, 4.17, 3082.23, 0.50, 506.51
60312.0, 6.96, 2841.15, 5.07, 3087.29, 0.50, 507.02
60313.0, 6.05, 2847.20, 5.97, 3093.26, 0.50, 507.52
60314.0, 5.11, 2852.30, 6.90, 3100.16, 0.50, 508.02
60315.0, 0.50, 2852.81, 11.50, 3111.66, 0.50, 508.52
60316.0, 0.50, 2853.31, 11.49, 3123.15, 0.50, 509.02
60317.0, 0.50, 2853.81, 11.48, 3134.63, 0.50, 509.52
60318.0, 0.50, 2854.31, 11.47, 3146.10, 0.50, 510.02
60319.0, 0.50, 2854.81, 11.46, 3157.55, 0.50, 510.52
60320.0, 0.50, 2855.31, 11.44, 3169.00, 0.50, 511.02
60321.0, 0.50, 2855.80, 11.43, 3180.43, 0.50, 511.52
60322.0, 0.50, 2856.30, 11.42, 3191.84, 0.50, 512.02
60323.0, 0.50, 2856.80, 11.40, 3203.25, 0.50, 512.52
60324.0, 0.50, 2857.30, 11.39, 3214.63, 0.50, 513.01
60325.0, 0.50, 2857.79, 11.37, 3226.01, 0.50, 513.51
60326.0, 5.45, 2863.24, 6.40, 3232.41, 0.50, 514.00
60327.0, 6.53, 2869.77, 5.30, 3237.71, 0.50, 514.50
60328.0, 7.62, 2877.39, 4.20, 3241.92, 0.49, 514.99
60329.0, 8.70, 2886.09, 3.10, 3245.01, 0.49, 515.49
60330.0, 9.77, 2895.86, 2.01, 3247.03, 0.49, 515.98
60331.0, 10.78, 2906.65, 0.98, 3248.01, 0.49, 516.47
60332.0, 11.74, 2918.39, 0.00, 3248.01, 0.49, 516.97
60333.0, 11.72, 2930.11, 0.00, 3248.01, 0.49, 517.46
60334.0, 11.70, 2941.82, 0.00, 3248.01, 0.49, 517.95
60336.0, 11.66, 2953.48, 0.00, 3248.01, 0.49, 518.44
60337.0, 10.87, 2964.35, 0.77, 3248.78, 0.49, 518.93
60338.0, 9.93, 2974.28, 1.68, 3250.46, 0.49, 519.42
60339.0, 9.02, 2983.30, 2.57, 3253.03, 0.49, 519.90
60340.0, 8.11, 2991.41, 3.46, 3256.50, 0.49, 520.39
60341.0, 7.18, 2998.59, 4.37, 3260.87, 0.49, 520.88
60342.0, 6.21, 3004.80, 5.31, 3266.18, 0.49, 521.36
60343.0, 5.20, 3010.00, 6.30, 3272.48, 0.49, 521.85
60344.0, 0.48, 3010.49, 10.99, 3283.47, 0.48, 522.33
60345.0, 0.48, 3010.97, 10.97, 3294.43, 0.48, 522.82
60346.0, 0.48, 3011.45, 10.94, 3305.37, 0.48, 523.30
60347.0, 0.48, 3011.94, 10.92, 3316.29, 0.48, 523.78
60348.0, 0.48, 3012.42, 10.89, 3327.18, 0.48, 524.26
60349.0, 0.48, 3012.90, 10.86, 3338.04, 0.48, 524.75
60350.0, 0.48, 3013.38, 10.84, 3348.88, 0.48, 525.23
60351.0, 0.48, 3013.86, 10.81, 3359.69, 0.48, 525.71
60352.0, 0.48, 3014.34, 10.78, 3370.48, 0.48, 526.19
60353.0, 0.48, 3014.82, 10.76, 3381.23, 0.48, 526.67
60354.0, 0.48, 3015.30, 10.73, 3391.96, 0.48, 527.15
60355.0, 0.48, 3015.78, 10.70, 3402.66, 0.48, 527.63
60356.0, 6.19, 3021.97, 4.97, 3407.63, 0.48, 528.11
60357.0, 7.28, 3029.24, 3.84, 3411.47, 0.48, 528.58
60358.0, 8.32, 3037.56, 2.78, 3414.25, 0.48, 529.06
60359.0, 9.26, 3046.83, 1.80, 3416.05, 0.48, 529.54
60360.0, 10.10, 3056.92, 0.94, 3416.99, 0.48, 530.02
60361.0, 11.00, 3067.93, 0.00, 3416.99, 0.48, 530.49
60362.0, 10.97, 3078.90, 0.00, 3416.99, 0.48, 530.97
60363.0, 10.94, 3089.84, 0.00, 3416.99, 0.48, 531.45
60364.0, 10.91, 3100.76, 0.00, 3416.99, 0.48, 531.92
60366.0, 10.85, 3111.61, 0.00, 3416.99, 0.48, 532.40
60367.0, 9.81, 3121.42, 1.00, 3417.99, 0.48, 532.88
60368.0, 8.88, 3130.31, 1.90, 3419.89, 0.48, 533.35
60369.0, 7.93, 3138.24, 2.83, 3422.72, 0.48, 533.83
60370.0, 6.94, 3145.17, 3.79, 3426.51, 0.48, 534.30
60371.0, 5.90, 3151.08, 4.79, 3431.30, 0.48, 534.78
60372.0, 4.83, 3155.91, 5.83, 3437.12, 0.48, 535.25
60373.0, 3.76, 3159.67, 6.87, 3443.99, 0.48, 535.73
60374.0, 0.48, 3160.14, 10.12, 3454.11, 0.48, 536.21
60375.0, 0.48, 3160.62, 10.08, 3464.19, 0.48, 536.68
60376.0, 0.48, 3161.10, 10.05, 3474.24, 0.48, 537.16
60377.0, 0.48, 3161.57, 10.02, 3484.26, 0.48, 537.64
60378.0, 0.48, 3162.05, 9.98, 3494.25, 0.48, 538.11
60379.0, 0.48, 3162.53, 9.95, 3504.20, 0.48, 538.59
60380.0, 0.48, 3163.00, 9.92, 3514.11, 0.48, 539.07
60381.0, 0.48, 3163.48, 9.88, 3524.00, 0.48, 539.54
60382.0, 0.48, 3163.96, 9.85, 3533.84, 0.48, 540.02
60383.0, 0.48, 3164.44, 9.81, 3543.66, 0.48, 540.50
60384.0, 0.48, 3164.92, 9.78, 3553.43, 0.48, 540.98
60385.0, 5.82, 3170.74, 4.40, 3557.84, 0.48, 541.46
60386.0, 6.83, 3177.57, 3.36, 3561.19, 0.48, 541.94
60387.0, 7.71, 3185.28, 2.44, 3563.63, 0.48, 542.42
60388.0, 8.46, 3193.74, 1.65, 3565.29, 0.48, 542.90
60389.0, 9.09, 3202.84, 0.99, 3566.28, 0.48, 543.38
60390.0, 10.27, 3213.10, 0.42, 3566.70, 1.12, 544.50
60391.0, 10.65, 3223.76, 0.00, 3566.70, 1.12, 545.62
60392.0, 10.62, 3234.37, 0.00, 3566.70, 1.12, 546.75
60394.0, 10.55, 3244.92, 0.00, 3566.70, 1.13, 547.88
60395.0, 10.51, 3255.44, 0.00, 3566.70, 1.13, 549.01
60396.0, 10.48, 3265.92, 0.00, 3566.70, 1.13, 550.14
60397.0, 9.11, 3275.02, 1.34, 3568.03, 1.13, 551.27
60398.0, 8.08, 3283.11, 2.33, 3570.36, 1.13, 552.41
60399.0, 7.03, 3290.14, 3.35, 3573.71, 1.14, 553.54
60400.0, 5.96, 3296.10, 4.38, 3578.08, 1.14, 554.68
60401.0, 4.93, 3301.03, 5.37, 3583.45, 1.14, 555.82
60402.0, 3.98, 3305.02, 6.29, 3589.74, 1.14, 556.97
60403.0, 3.14, 3308.15, 7.10, 3596.84, 1.15, 558.11
60404.0, 1.15, 3309.30, 9.05, 3605.89, 1.15, 559.26
60405.0, 1.15, 3310.45, 9.01, 3614.91, 1.15, 560.41
60406.0, 1.15, 3311.61, 8.98, 3623.88, 1.15, 561.57
60407.0, 1.16, 3312.77, 8.94, 3632.82, 1.16, 562.72
60408.0, 1.16, 3313.93, 8.90, 3641.73, 1.16, 563.88
60409.0, 1.16, 3315.09, 8.86, 3650.59, 1.16, 565.05
60410.0, 1.17, 3316.25, 8.83, 3659.42, 1.17, 566.21
60411.0, 1.17, 3317.42, 8.79, 3668.21, 1.17, 567.38
60412.0, 1.17, 3318.59, 8.75, 3676.96, 1.17, 568.55
60413.0, 1.17, 3319.77, 8.71, 3685.67, 1.17, 569.73
60414.0, 1.18, 3320.95, 8.68, 3694.35, 1.18, 570.90
60415.0, 6.73, 3327.68, 3.09, 3697.44, 1.18, 572.08
60416.0, 7.42, 3335.09, 2.37, 3699.81, 1.18, 573.27
60417.0, 7.99, 3343.08, 1.76, 3701.57, 1.19, 574.46
60418.0, 8.47, 3351.55, 1.24, 3702.82, 1.19, 575.65
60419.0, 8.90, 3360.46, 0.78, 3703.60, 1.20, 576.85
60420.0, 9.65, 3370.11, 0.00, 3703.60, 1.20, 578.05
60421.0, 9.62, 3379.73, 0.00, 3703.60, 1.20, 579.25
60422.0, 9.58, 3389.31, 0.00, 3703.60, 1.21, 580.46
60423.0, 9.55, 3398.86, 0.00, 3703.60, 1.21, 581.67
60425.0, 9.48, 3408.34, 0.00, 3703.60, 1.22, 582.89
60426.0, 8.62, 3416.96, 0.83, 3704.43, 1.22, 584.11
60427.0, 7.55, 3424.51, 1.87, 3706.30, 1.23, 585.34
60428.0, 6.51, 3431.02, 2.88, 3709.18, 1.23, 586.57
60429.0, 5.54, 3436.56, 3.81, 3712.99, 1.24, 587.80
60430.0, 4.68, 3441.24, 4.64, 3717.63, 1.24, 589.04
60431.0, 3.93, 3445.17, 5.36, 3722.99, 1.24, 590.29
60432.0, 3.29, 3448.46, 5.97, 3728.96, 1.25, 591.54
60433.0, 1.25, 3449.71, 7.98, 3736.94, 1.25, 592.79
60434.0, 1.26, 3450.97, 7.94, 3744.88, 1.26, 594.05
60435.0, 1.26, 3452.23, 7.91, 3752.78, 1.26, 595.31
60436.0, 1.27, 3453.50, 7.87, 3760.65, 1.27, 596.58
60437.0, 1.27, 3454.77, 7.84, 3768.49, 1.27, 597.85
60438.0, 1.28, 3456.05, 7.80, 3776.29, 1.28, 599.12
60439.0, 1.28, 3457.33, 7.77, 3784.06, 1.28, 600.40
60440.0, 1.28, 3458.61, 7.74, 3791.80, 1.28, 601.69
60441.0, 1.29, 3459.90, 7.70, 3799.50, 1.29, 602.98
60442.0, 1.29, 3461.19, 7.67, 3807.17, 1.29, 604.27
60443.0, 1.30, 3462.49, 7.64, 3814.81, 1.30, 605.57
60444.0, 5.65, 3468.14, 3.26, 3818.07, 1.30, 606.87
60445.0, 6.17, 3474.32, 2.71, 3820.78, 1.31, 608.18
60446.0, 6.63, 3480.94, 2.23, 3823.01, 1.31, 609.49
60447.0, 7.04, 3487.98, 1.79, 3824.80, 1.32, 610.81
60448.0, 7.42, 3495.40, 1.38, 3826.18, 1.32, 612.13
60449.0, 7.81, 3503.21, 0.97, 3827.16, 1.32, 613.45
60450.0, 8.21, 3511.42, 0.55, 3827.70, 1.33, 614.78
60451.0, 8.73, 3520.16, 0.00, 3827.70, 1.33, 616.12
60452.0, 8.71, 3528.87, 0.00, 3827.70, 1.34, 617.45
60453.0, 8.69, 3537.55, 0.00, 3827.70, 1.34, 618.80
60455.0, 8.65, 3546.20, 0.00, 3827.70, 1.35, 620.15
60456.0, 7.32, 3553.52, 1.30, 3829.01, 1.35, 621.50
60457.0, 6.43, 3559.95, 2.18, 3831.19, 1.36, 622.86
60458.0, 5.65, 3565.60, 2.93, 3834.12, 1.36, 624.22
60459.0, 4.99, 3570.59, 3.57, 3837.69, 1.37, 625.58
60460.0, 4.42, 3575.01, 4.13, 3841.82, 1.37, 626.95
60461.0, 3.90, 3578.91, 4.64, 3846.46, 1.37, 628.33
60462.0, 1.38, 3580.28, 7.14, 3853.60, 1.38, 629.70
60463.0, 1.38, 3581.66, 7.12, 3860.72, 1.38, 631.08
60464.0, 1.38, 3583.04, 7.10, 3867.82, 1.38, 632.46
60465.0, 1.38, 3584.43, 7.09, 3874.91, 1.38, 633.85
60466.0, 1.39, 3585.81, 7.07, 3881.98, 1.39, 635.23
60467.0, 1.39, 3587.20, 7.05, 3889.03, 1.39, 636.62
60468.0, 1.39, 3588.60, 7.04, 3896.07, 1.39, 638.02
60469.0, 1.39, 3589.99, 7.03, 3903.10, 1.39, 639.41
60470.0, 1.40, 3591.39, 7.01, 3910.11, 1.40, 640.81
60471.0, 1.40, 3592.79, 7.00, 3917.12, 1.40, 642.21
60472.0, 1.40, 3594.19, 6.99, 3924.11, 1.40, 643.61
60473.0, 1.40, 3595.59, 6.98, 3931.09, 1.40, 645.01
60474.0, 4.81, 3600.40, 3.56, 3934.65, 1.40, 646.41
60475.0, 5.21, 3605.62, 3.16, 3937.81, 1.41, 647.82
60476.0, 5.60, 3611.22, 2.76, 3940.58, 1.41, 649.23
60477.0, 6.00, 3617.22, 2.36, 3942.94, 1.41, 650.63
60478.0, 6.43, 3623.65, 1.93, 3944.87, 1.41, 652.04
60479.0, 6.92, 3630.57, 1.44, 3946.31, 1.41, 653.45
60480.0, 7.48, 3638.05, 0.87, 3947.18, 1.41, 654.86
60481.0, 8.35, 3646.40, 0.00, 3947.18, 1.41, 656.27
60482.0, 8.35, 3654.76, 0.00, 3947.18, 1.41, 657.68
60484.0, 8.36, 3663.11, 0.00, 3947.18, 1.41, 659.09
60485.0, 7.71, 3670.82, 0.65, 3947.83, 1.41, 660.50
60486.0, 7.01, 3677.83, 1.35, 3949.18, 1.41, 661.90
60487.0, 6.41, 3684.23, 1.96, 3951.14, 1.41, 663.31
60488.0, 5.88, 3690.11, 2.49, 3953.63, 1.41, 664.72
60489.0, 5.39, 3695.50, 2.99, 3956.62, 1.40, 666.12
60490.0, 4.91, 3700.41, 3.48, 3960.10, 1.40, 667.52
60491.0, 1.40, 3701.81, 6.99, 3967.09, 1.40, 668.92
60492.0, 1.40, 3703.21, 7.00, 3974.09, 1.40, 670.32
60535.0, 4.30, 3707.51, 5.07, 3979.16, 1.23, 671.56
60536.0, 5.01, 3712.52, 4.39, 3983.55, 1.23, 672.79
60537.0, 5.86, 3718.38, 3.58, 3987.13, 1.23, 674.01
60538.0, 6.86, 3725.24, 2.60, 3989.73, 1.22, 675.23
60539.0, 8.00, 3733.24, 1.50, 3991.23, 1.22, 676.45
60540.0, 9.53, 3742.77, 0.00, 3991.23, 1.21, 677.66
60541.0, 9.56, 3752.34, 0.00, 3991.23, 1.21, 678.87
60542.0, 9.60, 3761.93, 0.00, 3991.23, 1.21, 680.08
60544.0, 9.66, 3771.60, 0.00, 3991.23, 1.20, 681.28
60545.0, 8.90, 3780.49, 0.80, 3992.03, 1.19, 682.47
60546.0, 8.37, 3788.86, 1.36, 3993.39, 1.19, 683.66
60547.0, 7.78, 3796.64, 1.98, 3995.37, 1.19, 684.85
60548.0, 7.11, 3803.75, 2.69, 3998.06, 1.18, 686.03
60549.0, 6.33, 3810.08, 3.50, 4001.56, 1.18, 687.21
60550.0, 1.18, 3811.26, 8.69, 4010.25, 1.18, 688.39
60551.0, 1.17, 3812.43, 8.72, 4018.97, 1.17, 689.56
60552.0, 1.17, 3813.60, 8.76, 4027.73, 1.17, 690.73
60553.0, 1.17, 3814.77, 8.80, 4036.53, 1.17, 691.90
60554.0, 1.16, 3815.93, 8.84, 4045.37, 1.16, 693.07
60555.0, 1.16, 3817.10, 8.87, 4054.24, 1.16, 694.23
60556.0, 1.16, 3818.25, 8.91, 4063.15, 1.16, 695.39
60557.0, 1.16, 3819.41, 8.95, 4072.10, 1.16, 696.54
60558.0, 1.15, 3820.56, 8.98, 4081.08, 1.15, 697.70
60559.0, 1.15, 3821.71, 9.02, 4090.10, 1.15, 698.85
60560.0, 1.15, 3822.86, 9.06, 4099.16, 1.15, 700.00
60561.0, 1.15, 3824.01, 9.09, 4108.26, 1.15, 701.14
60562.0, 1.14, 3825.15, 9.13, 4117.39, 1.14, 702.29
60563.0, 3.45, 3828.61, 6.85, 4124.24, 1.14, 703.43
60564.0, 4.23, 3832.83, 6.12, 4130.36, 1.14, 704.57
60565.0, 5.15, 3837.98, 5.23, 4135.59, 1.14, 705.70
60566.0, 6.20, 3844.18, 4.21, 4139.80, 1.13, 706.84
60567.0, 7.37, 3851.55, 3.08, 4142.87, 1.13, 707.97
60568.0, 8.59, 3860.14, 1.89, 4144.76, 1.13, 709.10
60569.0, 9.83, 3869.97, 0.69, 4145.45, 1.13, 710.23
60570.0, 10.55, 3880.52, 0.00, 4145.45, 1.13, 711.36
60572.0, 10.62, 3891.14, 0.00, 4145.45, 1.12, 712.48
60573.0, 10.65, 3901.79, 0.00, 4145.45, 1.12, 713.60
60574.0, 10.12, 3911.91, 0.56, 4146.01, 1.12, 714.73
60575.0, 8.83, 3920.73, 1.25, 4147.27, 0.48, 715.21
60576.0, 8.07, 3928.80, 2.05, 4149.32, 0.48, 715.69
60577.0, 7.20, 3936.00, 2.95, 4152.27, 0.48, 716.17
60578.0, 6.23, 3942.23, 3.95, 4156.22, 0.48, 716.65
60579.0, 0.48, 3942.71, 9.74, 4165.96, 0.48, 717.13
60580.0, 0.48, 3943.19, 9.77, 4175.73, 0.48, 717.61
60581.0, 0.48, 3943.66, 9.81, 4185.54, 0.48, 718.09
60582.0, 0.48, 3944.14, 9.84, 4195.38, 0.48, 718.56
60583.0, 0.48, 3944.62, 9.87, 4205.26, 0.48, 719.04
60584.0, 0.48, 3945.10, 9.91, 4215.16, 0.48, 719.52
60585.0, 0.48, 3945.57, 9.94, 4225.11, 0.48, 719.99
60586.0, 0.48, 3946.05, 9.98, 4235.08, 0.48, 720.47
60587.0, 0.48, 3946.53, 10.01, 4245.09, 0.48, 720.95
60588.0, 0.48, 3947.00, 10.04, 4255.13, 0.48, 721.42
60589.0, 0.48, 3947.48, 10.07, 4265.21, 0.48, 721.90
60590.0, 0.48, 3947.96, 10.11, 4275.32, 0.48, 722.38
60591.0, 0.48, 3948.43, 10.14, 4285.46, 0.48, 722.85
60592.0, 0.48, 3948.91, 10.17, 4295.63, 0.48, 723.33
60593.0, 3.94, 3952.85, 6.74, 4302.36, 0.48, 723.80
60594.0, 5.03, 3957.88, 5.68, 4308.04, 0.48, 724.28
60595.0, 6.19, 3964.07, 4.55, 4312.60, 0.48, 724.76
60596.0, 7.38, 3971.45, 3.40, 4315.99, 0.48, 725.23
60597.0, 8.57, 3980.03, 2.23, 4318.23, 0.48, 725.71
60598.0, 9.77, 3989.80, 1.07, 4319.29, 0.48, 726.18
60599.0, 10.87, 4000.67, 0.00, 4319.29, 0.48, 726.66
60600.0, 10.90, 4011.56, 0.00, 4319.29, 0.48, 727.14
60602.0, 10.96, 4022.52, 0.00, 4319.29, 0.48, 727.61
60603.0, 10.55, 4033.07, 0.44, 4319.73, 0.48, 728.09
60604.0, 9.70, 4042.77, 1.32, 4321.05, 0.48, 728.57
60605.0, 8.74, 4051.51, 2.31, 4323.36, 0.48, 729.04
60606.0, 7.70, 4059.21, 3.37, 4326.74, 0.48, 729.52
60607.0, 6.65, 4065.87, 4.45, 4331.19, 0.48, 730.00
60608.0, 5.63, 4071.50, 5.51, 4336.70, 0.48, 730.48
60609.0, 0.48, 4071.98, 10.68, 4347.38, 0.48, 730.96
60610.0, 0.48, 4072.45, 10.71, 4358.09, 0.48, 731.44
60611.0, 0.48, 4072.93, 10.74, 4368.83, 0.48, 731.91
60612.0, 0.48, 4073.41, 10.77, 4379.60, 0.48, 732.40
60613.0, 0.48, 4073.89, 10.79, 4390.40, 0.48, 732.88
60614.0, 0.48, 4074.38, 10.82, 4401.22, 0.48, 733.36
60615.0, 0.48, 4074.86, 10.85, 4412.06, 0.48, 733.84
60616.0, 0.48, 4075.34, 10.87, 4422.94, 0.48, 734.32
60617.0, 0.48, 4075.82, 10.90, 4433.84, 0.48, 734.80
60618.0, 0.48, 4076.30, 10.92, 4444.76, 0.48, 735.29
60619.0, 0.48, 4076.79, 10.95, 4455.71, 0.48, 735.77
60620.0, 0.48, 4077.27, 10.97, 4466.68, 0.48, 736.25
60621.0, 0.48, 4077.76, 11.00, 4477.68, 0.48, 736.74
60622.0, 4.43, 4082.19, 7.08, 4484.75, 0.49, 737.22
60623.0, 5.56, 4087.75, 5.97, 4490.72, 0.49, 737.71
60624.0, 6.70, 4094.45, 4.85, 4495.57, 0.49, 738.20
60625.0, 7.84, 4102.29, 3.74, 4499.31, 0.49, 738.68
60626.0, 8.99, 4111.28, 2.61, 4501.92, 0.49, 739.17
60627.0, 10.16, 4121.45, 1.46, 4503.38, 0.49, 739.66
60628.0, 11.64, 4133.09, 0.00, 4503.38, 0.49, 740.15
60629.0, 11.67, 4144.76, 0.00, 4503.38, 0.49, 740.64
60631.0, 11.71, 4156.47, 0.00, 4503.38, 0.49, 741.13
60632.0, 11.73, 4168.19, 0.00, 4503.38, 0.49, 741.62
60633.0, 10.35, 4178.55, 1.39, 4504.77, 0.49, 742.11
60634.0, 9.27, 4187.82, 2.49, 4507.26, 0.49, 742.61
60635.0, 8.20, 4196.02, 3.58, 4510.85, 0.49, 743.10
60636.0, 7.18, 4203.20, 4.62, 4515.47, 0.49, 743.59
60637.0, 6.21, 4209.41, 5.61, 4521.08, 0.49, 744.09
60638.0, 5.29, 4214.70, 6.55, 4527.63, 0.50, 744.58
60639.0, 0.50, 4215.20, 11.36, 4538.99, 0.50, 745.08
60640.0, 0.50, 4215.69, 11.37, 4550.36, 0.50, 745.58
60641.0, 0.50, 4216.19, 11.39, 4561.75, 0.50, 746.07
60642.0, 0.50, 4216.69, 11.40, 4573.15, 0.50, 746.57
60643.0, 0.50, 4217.19, 11.42, 4584.57, 0.50, 747.07
60644.0, 0.50, 4217.68, 11.43, 4596.00, 0.50, 747.57
60645.0, 0.50, 4218.18, 11.44, 4607.45, 0.50, 748.07
60646.0, 0.50, 4218.68, 11.46, 4618.90, 0.50, 748.57
60647.0, 0.50, 4219.18, 11.47, 4630.37, 0.50, 749.07
60648.0, 0.50, 4219.68, 11.48, 4641.85, 0.50, 749.57
60649.0, 0.50, 4220.18, 11.49, 4653.34, 0.50, 750.07
60650.0, 0.50, 4220.69, 11.50, 4664.84, 0.50, 750.57
60651.0, 0.50, 4221.19, 11.51, 4676.35, 0.50, 751.07
60652.0, 5.77, 4226.96, 6.25, 4682.60, 0.50, 751.57
60653.0, 6.87, 4233.82, 5.16, 4687.76, 0.50, 752.07
60654.0, 7.97, 4241.80, 4.06, 4691.83, 0.50, 752.58
60655.0, 9.11, 4250.91, 2.93, 4694.76, 0.50, 753.08
60656.0, 10.29, 4261.20, 1.76, 4696.52, 0.50, 753.58
60657.0, 11.51, 4272.71, 0.55, 4697.06, 0.50, 754.09
60658.0, 12.06, 4284.77, 0.00, 4697.06, 0.50, 754.59
60660.0, 12.07, 4296.84, 0.00, 4697.06, 0.50, 755.10
60661.0, 12.07, 4308.91, 0.00, 4697.06, 0.50, 755.60
60662.0, 10.84, 4319.75, 1.23, 4698.30, 0.50, 756.10
60663.0, 9.76, 4329.51, 2.31, 4700.61, 0.50, 756.61
60664.0, 8.74, 4338.26, 3.33, 4703.94, 0.50, 757.11
60665.0, 7.78, 4346.04, 4.30, 4708.24, 0.50, 757.62
60666.0, 6.86, 4352.90, 5.22, 4713.46, 0.50, 758.12
60667.0, 5.96, 4358.85, 6.12, 4719.58, 0.50, 758.63
60668.0, 5.05, 4363.91, 7.02, 4726.60, 0.50, 759.13
60669.0, 0.50, 4364.41, 11.57, 4738.17, 0.50, 759.64
60670.0, 0.50, 4364.92, 11.57, 4749.73, 0.50, 760.14
60671.0, 0.50, 4365.42, 11.56, 4761.30, 0.50, 760.64
60672.0, 0.50, 4365.92, 11.56, 4772.85, 0.50, 761.15
60673.0, 0.50, 4366.43, 11.55, 4784.41, 0.50, 761.65
60674.0, 0.50, 4366.93, 11.55, 4795.95, 0.50, 762.16
60675.0, 0.50, 4367.44, 11.54, 4807.50, 0.50, 762.66
60676.0, 0.50, 4367.94, 11.53, 4819.03, 0.50, 763.16
60677.0, 0.50, 4368.44, 11.53, 4830.56, 0.50, 763.66
60678.0, 0.50, 4368.94, 11.52, 4842.08, 0.50, 764.17
60679.0, 0.50, 4369.44, 11.51, 4853.59, 0.50, 764.67
60680.0, 0.50, 4369.95, 11.50, 4865.09, 0.50, 765.17
60681.0, 5.61, 4375.56, 6.38, 4871.47, 0.50, 765.67
60682.0, 6.71, 4382.26, 5.28, 4876.75, 0.50, 766.17
60683.0, 7.83, 4390.10, 4.14, 4880.88, 0.50, 766.67
60684.0, 8.99, 4399.09, 2.96, 4883.85, 0.50, 767.17
60685.0, 10.17, 4409.26, 1.78, 4885.63, 0.50, 767.67
60686.0, 11.30, 4420.55, 0.63, 4886.26, 0.50, 768.17
60687.0, 11.92, 4432.47, 0.00, 4886.26, 0.50, 768.67
60688.0, 11.90, 4444.38, 0.00, 4886.26, 0.50, 769.16
60689.0, 11.89, 4456.26, 0.00, 4886.26, 0.50, 769.66
60691.0, 11.09, 4467.36, 0.76, 4887.02, 0.50, 770.16
60692.0, 10.08, 4477.44, 1.76, 4888.78, 0.50, 770.65
60693.0, 9.12, 4486.55, 2.71, 4891.49, 0.49, 771.15
60694.0, 8.18, 4494.74, 3.62, 4895.11, 0.49, 771.64
60695.0, 7.27, 4502.00, 4.52, 4899.63, 0.49, 772.13
60696.0, 6.34, 4508.34, 5.43, 4905.06, 0.49, 772.63
60697.0, 5.39, 4513.74, 6.35, 4911.41, 0.49, 773.12
60698.0, 0.49, 4514.23, 11.24, 4922.65, 0.49, 773.61
60699.0, 0.49, 4514.72, 11.22, 4933.87, 0.49, 774.10
60700.0, 0.49, 4515.21, 11.20, 4945.06, 0.49, 774.59
60701.0, 0.49, 4515.70, 11.18, 4956.24, 0.49, 775.08
60702.0, 0.49, 4516.19, 11.16, 4967.40, 0.49, 775.57
60703.0, 0.49, 4516.68, 11.13, 4978.53, 0.49, 776.06
60704.0, 0.49, 4517.17, 11.11, 4989.64, 0.49, 776.55
60705.0, 0.49, 4517.65, 11.09, 5000.73, 0.49, 777.04
60706.0, 0.49, 4518.14, 11.07, 5011.80, 0.49, 777.52
60707.0, 0.49, 4518.63, 11.04, 5022.84, 0.49, 778.01
60708.0, 0.49, 4519.11, 11.02, 5033.86, 0.49, 778.49
60709.0, 0.48, 4519.60, 11.00, 5044.86, 0.48, 778.98
60710.0, 5.32, 4524.92, 6.13, 5050.99, 0.48, 779.46
60711.0, 6.47, 4531.39, 4.96, 5055.95, 0.48, 779.95
60712.0, 7.63, 4539.03, 3.77, 5059.72, 0.48, 780.43
60713.0, 8.76, 4547.79, 2.62, 5062.34, 0.48, 780.91
60714.0, 9.80, 4557.59, 1.55, 5063.89, 0.48, 781.39
60715.0, 10.72, 4568.31, 0.61, 5064.49, 0.48, 781.87
60716.0, 11.30, 4579.61, 0.00, 5064.49, 0.48, 782.36
60717.0, 11.27, 4590.88, 0.00, 5064.49, 0.48, 782.84
60718.0, 11.24, 4602.12, 0.00, 5064.49, 0.48, 783.32
60720.0, 11.19, 4613.31, 0.00, 5064.49, 0.48, 783.80
60721.0, 10.09, 4623.40, 1.07, 5065.56, 0.48, 784.27
60722.0, 9.15, 4632.55, 1.98, 5067.54, 0.48, 784.75
60723.0, 8.21, 4640.76, 2.89, 5070.43, 0.48, 785.23
60724.0, 7.26, 4648.02, 3.81, 5074.24, 0.48, 785.71
60725.0, 6.29, 4654.32, 4.75, 5078.99, 0.48, 786.19
60726.0, 5.29, 4659.61, 5.72, 5084.71, 0.48, 786.66
60727.0, 4.28, 4663.89, 6.70, 5091.41, 0.48, 787.14
60728.0, 0.48, 4664.36, 10.47, 5101.88, 0.48, 787.62
60729.0, 0.48, 4664.84, 10.44, 5112.33, 0.48, 788.09
60730.0, 0.48, 4665.32, 10.41, 5122.74, 0.48, 788.57
60731.0, 0.48, 4665.79, 10.38, 5133.12, 0.48, 789.04
60732.0, 0.48, 4666.27, 10.35, 5143.47, 0.48, 789.52
60733.0, 0.48, 4666.75, 10.32, 5153.79, 0.48, 790.00
60734.0, 0.48, 4667.22, 10.29, 5164.08, 0.48, 790.47
60735.0, 0.48, 4667.70, 10.26, 5174.34, 0.48, 790.95
60736.0, 0.48, 4668.17, 10.22, 5184.56, 0.48, 791.42
60737.0, 0.48, 4668.65, 10.19, 5194.75, 0.48, 791.90
60738.0, 0.48, 4669.12, 10.16, 5204.91, 0.48, 792.37
60739.0, 0.48, 4669.60, 10.13, 5215.04, 0.48, 792.85
60740.0, 6.28, 4675.88, 4.29, 5219.33, 0.48, 793.33
60741.0, 7.36, 4683.24, 3.18, 5222.50, 0.48, 793.80
60742.0, 8.31, 4691.55, 2.19, 5224.69, 0.48, 794.28
60743.0, 9.11, 4700.66, 1.36, 5226.05, 0.48, 794.76
60744.0, 9.78, 4710.44, 0.66, 5226.71, 0.48, 795.23
60745.0, 10.40, 4720.84, 0.00, 5226.71, 0.48, 795.71
60746.0, 10.37, 4731.21, 0.00, 5226.71, 0.48, 796.19
60747.0, 10.33, 4741.54, 0.00, 5226.71, 0.48, 796.67
60749.0, 10.27, 4751.81, 0.00, 5226.71, 0.48, 797.14
60750.0, 10.23, 4762.04, 0.00, 5226.71, 0.48, 797.62
60751.0, 8.88, 4770.92, 1.32, 5228.02, 0.48, 798.10
60752.0, 7.91, 4778.83, 2.25, 5230.27, 0.48, 798.58
60753.0, 6.92, 4785.75, 3.21, 5233.48, 0.48, 799.06
60754.0, 5.91, 4791.66, 4.18, 5237.66, 0.48, 799.55
60755.0, 5.55, 4797.21, 5.14, 5242.81, 1.12, 800.67
60756.0, 4.59, 4801.80, 6.07, 5248.88, 1.12, 801.79
60757.0, 3.71, 4805.51, 6.92, 5255.79, 1.12, 802.91
60758.0, 1.13, 4806.64, 9.47, 5265.26, 1.13, 804.04
60759.0, 1.13, 4807.76, 9.43, 5274.69, 1.13, 805.17
60760.0, 1.13, 4808.89, 9.39, 5284.08, 1.13, 806.29
60761.0, 1.13, 4810.02, 9.36, 5293.44, 1.13, 807.42
60762.0, 1.13, 4811.16, 9.32, 5302.76, 1.13, 808.56
60763.0, 1.13, 4812.29, 9.28, 5312.05, 1.13, 809.69
60764.0, 1.14, 4813.43, 9.25, 5321.29, 1.14, 810.83
60765.0, 1.14, 4814.57, 9.21, 5330.50, 1.14, 811.97
60766.0, 1.14, 4815.71, 9.17, 5339.68, 1.14, 813.11
60767.0, 1.14, 4816.85, 9.14, 5348.81, 1.14, 814.25
60768.0, 1.15, 4818.00, 9.10, 5357.91, 1.15, 815.40
60769.0, 6.54, 4824.53, 3.67, 5361.58, 1.15, 816.54
60770.0, 7.40, 4831.94, 2.77, 5364.35, 1.15, 817.70
60771.0, 8.11, 4840.05, 2.03, 5366.38, 1.15, 818.85
60772.0, 8.70, 4848.75, 1.41, 5367.79, 1.16, 820.00
60773.0, 9.19, 4857.94, 0.88, 5368.66, 1.16, 821.16
60774.0, 10.04, 4867.98, 0.00, 5368.66, 1.16, 822.33
60775.0, 10.00, 4877.98, 0.00, 5368.66, 1.16, 823.49
60776.0, 9.97, 4887.94, 0.00, 5368.66, 1.17, 824.66
60777.0, 9.93, 4897.88, 0.00, 5368.66, 1.17, 825.83
60779.0, 9.86, 4907.74, 0.00, 5368.66, 1.18, 827.01
60780.0, 9.12, 4916.85, 0.71, 5369.38, 1.18, 828.19
60781.0, 8.11, 4924.97, 1.68, 5371.05, 1.18, 829.37
60782.0, 7.12, 4932.09, 2.64, 5373.70, 1.19, 830.56
60783.0, 6.15, 4938.24, 3.57, 5377.27, 1.19, 831.75
60784.0, 5.26, 4943.50, 4.43, 5381.70, 1.19, 832.94
60785.0, 4.45, 4947.95, 5.20, 5386.91, 1.20, 834.14
60786.0, 3.74, 4951.70, 5.88, 5392.79, 1.20, 835.34
60787.0, 3.12, 4954.82, 6.47, 5399.26, 1.21, 836.55
60788.0, 1.21, 4956.03, 8.35, 5407.61, 1.21, 837.76
60789.0, 1.21, 4957.24, 8.31, 5415.92, 1.21, 838.98
60790.0, 1.22, 4958.46, 8.27, 5424.19, 1.22, 840.19
60791.0, 1.22, 4959.68, 8.24, 5432.43, 1.22, 841.42
60792.0, 1.23, 4960.91, 8.20, 5440.63, 1.23, 842.64
60793.0, 1.23, 4962.14, 8.16, 5448.80, 1.23, 843.87
60794.0, 1.23, 4963.37, 8.13, 5456.92, 1.23, 845.11
60795.0, 1.24, 4964.61, 8.09, 5465.01, 1.24, 846.35
60796.0, 1.24, 4965.85, 8.06, 5473.07, 1.24, 847.59
60797.0, 1.25, 4967.10, 8.02, 5481.09, 1.25, 848.84
60798.0, 5.75, 4972.85, 3.49, 5484.57, 1.25, 850.09
60799.0, 6.39, 4979.25, 2.81, 5487.39, 1.26, 851.35
60800.0, 6.92, 4986.17, 2.25, 5489.64, 1.26, 852.61
60801.0, 7.38, 4993.55, 1.77, 5491.40, 1.27, 853.87
60802.0, 7.79, 5001.34, 1.33, 5492.73, 1.27, 855.14
60803.0, 8.17, 5009.51, 0.91, 5493.64, 1.27, 856.42
60804.0, 8.56, 5018.07, 0.50, 5494.14, 1.28, 857.70
60805.0, 9.03, 5027.10, 0.00, 5494.14, 1.28, 858.98
60806.0, 9.00, 5036.10, 0.00, 5494.14, 1.29, 860.27
60807.0, 8.97, 5045.07, 0.00, 5494.14, 1.29, 861.56
60808.0, 8.94, 5054.01, 0.00, 5494.14, 1.30, 862.86
60810.0, 7.83, 5061.84, 1.06, 5495.19, 1.31, 864.16
60811.0, 6.92, 5068.77, 1.94, 5497.13, 1.31, 865.47
60812.0, 6.10, 5074.87, 2.73, 5499.87, 1.32, 866.79
60813.0, 5.38, 5080.26, 3.43, 5503.29, 1.32, 868.11
60814.0, 4.75, 5085.01, 4.03, 5507.33, 1.32, 869.43
60815.0, 4.19, 5089.20, 4.57, 5511.89, 1.33, 870.76
60816.0, 3.68, 5092.89, 5.06, 5516.95, 1.33, 872.09
60817.0, 1.34, 5094.22, 7.38, 5524.33, 1.34, 873.43
60818.0, 1.34, 5095.56, 7.35, 5531.69, 1.34, 874.77
60819.0, 1.35, 5096.91, 7.33, 5539.01, 1.35, 876.12
60820.0, 1.35, 5098.26, 7.30, 5546.31, 1.35, 877.46
60821.0, 1.35, 5099.61, 7.28, 5553.59, 1.35, 878.82
60822.0, 1.36, 5100.97, 7.25, 5560.84, 1.36, 880.17
60823.0, 1.36, 5102.33, 7.23, 5568.07, 1.36, 881.54
60824.0, 1.36, 5103.69, 7.21, 5575.28, 1.36, 882.90
60825.0, 1.37, 5105.06, 7.19, 5582.46, 1.37, 884.27
60826.0, 1.37, 5106.43, 7.16, 5589.63, 1.37, 885.64
60827.0, 1.37, 5107.81, 7.14, 5596.77, 1.37, 887.01
60828.0, 5.11, 5112.92, 3.39, 5600.17, 1.38, 888.39
60829.0, 5.55, 5118.46, 2.94, 5603.11, 1.38, 889.77
60830.0, 5.95, 5124.41, 2.53, 5605.64, 1.38, 891.16
60831.0, 6.34, 5130.75, 2.12, 5607.76, 1.39, 892.54
60832.0, 6.74, 5137.49, 1.71, 5609.47, 1.39, 893.93
60833.0, 7.17, 5144.66, 1.26, 5610.73, 1.39, 895.33
60834.0, 7.66, 5152.32, 0.76, 5611.49, 1.39, 896.72
60835.0, 8.41, 5160.74, 0.00, 5611.49, 1.40, 898.12
60836.0, 8.40, 5169.14, 0.00, 5611.49, 1.40, 899.51
60838.0, 8.39, 5177.53, 0.00, 5611.49, 1.40, 900.92
60839.0, 8.38, 5185.91, 0.00, 5611.49, 1.40, 902.32
60840.0, 7.28, 5193.19, 1.09, 5612.58, 1.41, 903.73
60841.0, 6.64, 5199.83, 1.73, 5614.31, 1.41, 905.13
60842.0, 6.07, 5205.90, 2.29, 5616.60, 1.41, 906.54
60843.0, 5.57, 5211.47, 2.79, 5619.39, 1.41, 907.95
60844.0, 5.09, 5216.56, 3.27, 5622.66, 1.41, 909.36
60845.0, 4.62, 5221.18, 3.74, 5626.39, 1.41, 910.77
60846.0, 1.41, 5222.59, 6.94, 5633.34, 1.41, 912.17
60847.0, 1.41, 5224.00, 6.94, 5640.28, 1.41, 913.58
60848.0, 1.41, 5225.41, 6.94, 5647.23, 1.41, 914.99
60849.0, 1.41, 5226.81, 6.95, 5654.17, 1.41, 916.40
60850.0, 1.41, 5228.22, 6.95, 5661.12, 1.41, 917.81
60851.0, 1.41, 5229.63, 6.95, 5668.07, 1.41, 919.22
60852.0, 1.41, 5231.04, 6.96, 5675.03, 1.41, 920.63
60853.0, 1.41, 5232.44, 6.96, 5682.00, 1.41, 922.03
60854.0, 1.40, 5233.85, 6.97, 5688.97, 1.40, 923.44
60855.0, 1.40, 5235.25, 6.98, 5695.95, 1.40, 924.84
60856.0, 1.40, 5236.65, 6.99, 5702.93, 1.40, 926.24
60857.0, 1.40, 5238.05, 7.00, 5709.93, 1.40, 927.64
60858.0, 4.26, 5242.31, 4.15, 5714.08, 1.40, 929.04
60859.0, 4.67, 5246.97, 3.75, 5717.83, 1.40, 930.43
60860.0, 5.10, 5252.07, 3.33, 5721.17, 1.39, 931.83
60861.0, 5.57, 5257.64, 2.87, 5724.03, 1.39, 933.22
60862.0, 6.12, 5263.76, 2.34, 5726.37, 1.39, 934.61
60863.0, 6.75, 5270.51, 1.71, 5728.08, 1.39, 935.99
60906.0, 1.21, 5271.72, 8.35, 5736.42, 1.21, 937.20
60907.0, 1.21, 5272.93, 8.38, 5744.81, 1.21, 938.41
60908.0, 1.20, 5274.13, 8.42, 5753.23, 1.20, 939.61
60909.0, 1.20, 5275.33, 8.46, 5761.68, 1.20, 940.81
60910.0, 1.20, 5276.52, 8.49, 5770.18, 1.20, 942.01
60911.0, 1.19, 5277.72, 8.53, 5778.71, 1.19, 943.20
60912.0, 1.19, 5278.90, 8.57, 5787.27, 1.19, 944.39
60913.0, 1.18, 5280.09, 8.60, 5795.88, 1.18, 945.57
60914.0, 1.18, 5281.27, 8.64, 5804.52, 1.18, 946.75
60915.0, 1.18, 5282.45, 8.68, 5813.20, 1.18, 947.93
60916.0, 1.17, 5283.62, 8.72, 5821.91, 1.17, 949.10
60917.0, 3.31, 5286.93, 6.61, 5828.53, 1.17, 950.28
60918.0, 3.98, 5290.91, 5.98, 5834.51, 1.17, 951.44
60919.0, 4.76, 5295.67, 5.23, 5839.74, 1.17, 952.61
60920.0, 5.66, 5301.33, 4.37, 5844.11, 1.16, 953.77
60921.0, 6.67, 5308.00, 3.39, 5847.50, 1.16, 954.93
60922.0, 7.75, 5315.75, 2.34, 5849.84, 1.16, 956.09
60923.0, 8.88, 5324.63, 1.25, 5851.09, 1.15, 957.24
60924.0, 10.16, 5334.80, 0.00, 5851.09, 1.15, 958.39
60926.0, 10.23, 5345.03, 0.00, 5851.09, 1.15, 959.54
60927.0, 10.27, 5355.29, 0.00, 5851.09, 1.14, 960.68
60928.0, 10.30, 5365.60, 0.00, 5851.09, 1.14, 961.83
60929.0, 9.74, 5375.33, 0.60, 5851.69, 1.14, 962.96
60930.0, 9.10, 5384.43, 1.27, 5852.96, 1.14, 964.10
60931.0, 8.35, 5392.78, 2.05, 5855.01, 1.14, 965.24
60932.0, 7.47, 5400.26, 2.96, 5857.98, 1.13, 966.37
60933.0, 6.47, 5406.73, 4.00, 5861.98, 1.13, 967.50
60934.0, 1.13, 5407.86, 9.38, 5871.36, 1.13, 968.63
60935.0, 1.13, 5408.98, 9.41, 5880.77, 1.13, 969.76
60936.0, 1.13, 5410.11, 9.45, 5890.22, 1.13, 970.89
60937.0, 1.12, 5411.23, 9.48, 5899.70, 1.12, 972.01
60938.0, 1.12, 5412.36, 9.52, 5909.22, 1.12, 973.13
60939.0, 1.12, 5413.48, 9.56, 5918.78, 1.12, 974.26
60940.0, 0.48, 5413.96, 9.59, 5928.37, 0.48, 974.74
60941.0, 0.48, 5414.44, 9.63, 5937.99, 0.48, 975.22
60942.0, 0.48, 5414.92, 9.66, 5947.65, 0.48, 975.70
60943.0, 0.48, 5415.40, 9.70, 5957.35, 0.48, 976.18
60944.0, 0.48, 5415.88, 9.73, 5967.08, 0.48, 976.66
60945.0, 0.48, 5416.36, 9.76, 5976.84, 0.48, 977.14
60946.0, 0.48, 5416.84, 9.80, 5986.64, 0.48, 977.62
60947.0, 3.44, 5420.28, 6.87, 5993.51, 0.48, 978.09
60948.0, 4.39, 5424.68, 5.95, 5999.46, 0.48, 978.57
60949.0, 5.43, 5430.10, 4.95, 6004.41, 0.48, 979.05
60950.0, 6.51, 5436.61, 3.90, 6008.31, 0.48, 979.53
60951.0, 7.63, 5444.24, 2.82, 6011.13, 0.48, 980.00
60952.0, 8.76, 5453.00, 1.72, 6012.85, 0.48, 980.48
60953.0, 9.90, 5462.89, 0.61, 6013.47, 0.48, 980.96
60954.0, 10.54, 5473.44, 0.00, 6013.47, 0.48, 981.43
60955.0, 10.58, 5484.01, 0.00, 6013.47, 0.48, 981.91
60957.0, 10.64, 5494.65, 0.00, 6013.47, 0.48, 982.38
60958.0, 10.11, 5504.77, 0.56, 6014.02, 0.48, 982.86
60959.0, 9.25, 5514.02, 1.45, 6015.47, 0.48, 983.33
60960.0, 8.26, 5522.28, 2.47, 6017.95, 0.48, 983.81
60961.0, 7.17, 5529.46, 3.59, 6021.54, 0.48, 984.29
60962.0, 6.05, 5535.51, 4.74, 6026.29, 0.48, 984.76
60963.0, 0.48, 5535.99, 10.35, 6036.64, 0.48, 985.24
60964.0, 0.48, 5536.46, 10.38, 6047.03, 0.48, 985.71
60965.0, 0.48, 5536.94, 10.42, 6057.44, 0.48, 986.19
60966.0, 0.48, 5537.42, 10.45, 6067.89, 0.48, 986.67
60967.0, 0.48, 5537.89, 10.48, 6078.36, 0.48, 987.14
60968.0, 0.48, 5538.37, 10.51, 6088.87, 0.48, 987.62
60969.0, 0.48, 5538.85, 10.53, 6099.40, 0.48, 988.10
60970.0, 0.48, 5539.32, 10.56, 6109.97, 0.48, 988.57
60971.0, 0.48, 5539.80, 10.59, 6120.56, 0.48, 989.05
60972.0, 0.48, 5540.28, 10.62, 6131.18, 0.48, 989.53
60973.0, 0.48, 5540.76, 10.65, 6141.83, 0.48, 990.01
60974.0, 0.48, 5541.24, 10.68, 6152.51, 0.48, 990.49
60975.0, 0.48, 5541.72, 10.71, 6163.22, 0.48, 990.97
60976.0, 0.48, 5542.20, 10.73, 6173.95, 0.48, 991.45
60977.0, 4.79, 5546.98, 6.45, 6180.40, 0.48, 991.93
60978.0, 5.85, 5552.84, 5.42, 6185.82, 0.48, 992.41
60979.0, 6.93, 5559.77, 4.36, 6190.18, 0.48, 992.89
60980.0, 8.02, 5567.79, 3.30, 6193.48, 0.48, 993.37
60981.0, 9.14, 5576.93, 2.21, 6195.70, 0.48, 993.85
60982.0, 10.29, 5587.22, 1.08, 6196.78, 0.48, 994.33
60983.0, 11.40, 5598.62, 0.00, 6196.78, 0.48, 994.82
60984.0, 11.43, 5610.04, 0.00, 6196.78, 0.48, 995.30
60986.0, 11.48, 5621.52, 0.00, 6196.78, 0.48, 995.78
60987.0, 10.86, 5632.38, 0.64, 6197.42, 0.49, 996.27
60988.0, 9.76, 5642.14, 1.76, 6199.19, 0.49, 996.75
60989.0, 8.61, 5650.74, 2.94, 6202.13, 0.49, 997.24
60990.0, 7.47, 5658.21, 4.10, 6206.23, 0.49, 997.73
60991.0, 6.38, 5664.59, 5.21, 6211.45, 0.49, 998.22
60992.0, 5.36, 5669.96, 6.25, 6217.70, 0.49, 998.70
60993.0, 0.49, 5670.45, 11.15, 6228.85, 0.49, 999.19
60994.0, 0.49, 5670.94, 11.17, 6240.02, 0.49, 999.68
60995.0, 0.49, 5671.43, 11.19, 6251.21, 0.49, 1000.17
60996.0, 0.49, 5671.92, 11.21, 6262.42, 0.49, 1000.66
60997.0, 0.49, 5672.41, 11.23, 6273.65, 0.49, 1001.15
60998.0, 0.49, 5672.90, 11.25, 6284.90, 0.49, 1001.65
60999.0, 0.49, 5673.39, 11.27, 6296.17, 0.49, 1002.14
61000.0, 0.49, 5673.89, 11.29, 6307.46, 0.49, 1002.63
61001.0, 0.49, 5674.38, 11.30, 6318.76, 0.49, 1003.13
61002.0, 0.49, 5674.87, 11.32, 6330.09, 0.49, 1003.62
61003.0, 0.50, 5675.37, 11.34, 6341.43, 0.50, 1004.12
61004.0, 0.50, 5675.86, 11.36, 6352.78, 0.50, 1004.61
61005.0, 0.50, 5676.36, 11.37, 6364.15, 0.50, 1005.11
61006.0, 4.98, 5681.34, 6.91, 6371.06, 0.50, 1005.61
61007.0, 6.01, 5687.35, 5.88, 6376.94, 0.50, 1006.10
61008.0, 7.06, 5694.41, 4.85, 6381.79, 0.50, 1006.60
61009.0, 8.14, 5702.55, 3.79, 6385.58, 0.50, 1007.10
61010.0, 9.27, 5711.82, 2.67, 6388.25, 0.50, 1007.60
61011.0, 10.46, 5722.28, 1.49, 6389.74, 0.50, 1008.10
61012.0, 11.97, 5734.25, 0.00, 6389.74, 0.50, 1008.60
61013.0, 11.98, 5746.23, 0.00, 6389.74, 0.50, 1009.10
61015.0, 12.00, 5758.22, 0.00, 6389.74, 0.50, 1009.60
61016.0, 11.34, 5769.57, 0.67, 6390.41, 0.50, 1010.10
61017.0, 10.14, 5779.71, 1.87, 6392.28, 0.50, 1010.60
61018.0, 8.99, 5788.70, 3.04, 6395.32, 0.50, 1011.11
61019.0, 7.90, 5796.60, 4.13, 6399.45, 0.50, 1011.61
61020.0, 6.89, 5803.49, 5.15, 6404.61, 0.50, 1012.11
61021.0, 5.93, 5809.42, 6.12, 6410.73, 0.50, 1012.61
61022.0, 0.50, 5809.92, 11.55, 6422.28, 0.50, 1013.12
61023.0, 0.50, 5810.42, 11.56, 6433.83, 0.50, 1013.62
61024.0, 0.50, 5810.93, 11.56, 6445.39, 0.50, 1014.13
61025.0, 0.50, 5811.43, 11.56, 6456.96, 0.50, 1014.63
61026.0, 0.50, 5811.94, 11.57, 6468.52, 0.50, 1015.13
61027.0, 0.50, 5812.44, 11.57, 6480.09, 0.50, 1015.64
61028.0, 0.50, 5812.95, 11.57, 6491.67, 0.50, 1016.14
61029.0, 0.50, 5813.45, 11.57, 6503.24, 0.50, 1016.65
61030.0, 0.50, 5813.96, 11.57, 6514.81, 0.50, 1017.15
61031.0, 0.50, 5814.46, 11.57, 6526.38, 0.50, 1017.66
61032.0, 0.50, 5814.96, 11.57, 6537.96, 0.50, 1018.16
61033.0, 0.50, 5815.47, 11.57, 6549.53, 0.50, 1018.67
61034.0, 0.50, 5815.97, 11.57, 6561.10, 0.50, 1019.17
61035.0, 0.50, 5816.48, 11.57, 6572.66, 0.50, 1019.67
61036.0, 5.83, 5822.30, 6.24, 6578.90, 0.50, 1020.18
61037.0, 6.88, 5829.18, 5.18, 6584.09, 0.50, 1020.68
61038.0, 7.99, 5837.17, 4.07, 6588.16, 0.50, 1021.19
61039.0, 9.16, 5846.33, 2.89, 6591.05, 0.50, 1021.69
61040.0, 10.39, 5856.72, 1.66, 6592.71, 0.50, 1022.19
61041.0, 11.61, 5868.33, 0.43, 6593.14, 0.50, 1022.70
61042.0, 12.03, 5880.36, 0.00, 6593.14, 0.50, 1023.20
61043.0, 12.02, 5892.39, 0.00, 6593.14, 0.50, 1023.70
61045.0, 11.59, 5903.97, 0.42, 6593.55, 0.50, 1024.20
61046.0, 10.42, 5914.40, 1.57, 6595.12, 0.50, 1024.70
61047.0, 9.33, 5923.73, 2.65, 6597.78, 0.50, 1025.20
61048.0, 8.31, 5932.04, 3.66, 6601.44, 0.50, 1025.70
61049.0, 7.33, 5939.37, 4.63, 6606.07, 0.50, 1026.20
61050.0, 6.37, 5945.74, 5.57, 6611.65, 0.50, 1026.70
61051.0, 5.42, 5951.17, 6.51, 6618.16, 0.50, 1027.20
61052.0, 0.50, 5951.66, 11.42, 6629.58, 0.50, 1027.70
61053.0, 0.50, 5952.16, 11.41, 6640.99, 0.50, 1028.20
61054.0, 0.50, 5952.66, 11.40, 6652.39, 0.50, 1028.70
61055.0, 0.50, 5953.16, 11.38, 6663.77, 0.50, 1029.19
61056.0, 0.50, 5953.65, 11.36, 6675.13, 0.50, 1029.69
61057.0, 0.50, 5954.15, 11.35, 6686.48, 0.50, 1030.18
61058.0, 0.49, 5954.64, 11.33, 6697.81, 0.49, 1030.68
61059.0, 0.49, 5955.14, 11.31, 6709.13, 0.49, 1031.17
61060.0, 0.49, 5955.63, 11.30, 6720.42, 0.49, 1031.67
61061.0, 0.49, 5956.12, 11.28, 6731.70, 0.49, 1032.16
61062.0, 0.49, 5956.61, 11.26, 6742.96, 0.49, 1032.65
61063.0, 0.49, 5957.11, 11.24, 6754.20, 0.49, 1033.14
61064.0, 0.49, 5957.60, 11.22, 6765.43, 0.49, 1033.63
61065.0, 5.48, 5963.08, 6.21, 6771.64, 0.49, 1034.13
61066.0, 6.60, 5969.67, 5.08, 6776.72, 0.49, 1034.62
61067.0, 7.76, 5977.43, 3.89, 6780.60, 0.49, 1035.10
61068.0, 8.95, 5986.38, 2.68, 6783.28, 0.49, 1035.59
61069.0, 10.09, 5996.47, 1.52, 6784.80, 0.49, 1036.08
61070.0, 11.12, 6007.58, 0.47, 6785.27, 0.49, 1036.57
61071.0, 11.56, 6019.14, 0.00, 6785.27, 0.49, 1037.05
61073.0, 11.51, 6030.65, 0.00, 6785.27, 0.49, 1037.54
61074.0, 11.49, 6042.14, 0.00, 6785.27, 0.48, 1038.03
61075.0, 10.47, 6052.61, 1.00, 6786.27, 0.48, 1038.51
61076.0, 9.43, 6062.04, 2.00, 6788.27, 0.48, 1038.99
61077.0, 8.43, 6070.47, 2.98, 6791.25, 0.48, 1039.48
61078.0, 7.45, 6077.92, 3.94, 6795.19, 0.48, 1039.96
61079.0, 6.46, 6084.38, 4.90, 6800.09, 0.48, 1040.44
61080.0, 5.47, 6089.85, 5.86, 6805.95, 0.48, 1040.92
61081.0, 4.48, 6094.33, 6.82, 6812.77, 0.48, 1041.40
61082.0, 0.48, 6094.81, 10.80, 6823.56, 0.48, 1041.88
61083.0, 0.48, 6095.29, 10.77, 6834.33, 0.48, 1042.36
61084.0, 0.48, 6095.77, 10.74, 6845.08, 0.48, 1042.84
61085.0, 0.48, 6096.25, 10.71, 6855.79, 0.48, 1043.32
61086.0, 0.48, 6096.73, 10.69, 6866.48, 0.48, 1043.80
61087.0, 0.48, 6097.21, 10.66, 6877.14, 0.48, 1044.28
61088.0, 0.48, 6097.69, 10.63, 6887.77, 0.48, 1044.76
61089.0, 0.48, 6098.17, 10.60, 6898.37, 0.48, 1045.24
61090.0, 0.48, 6098.64, 10.57, 6908.94, 0.48, 1045.71
61091.0, 0.48, 6099.12, 10.54, 6919.48, 0.48, 1046.19
61092.0, 0.48, 6099.60, 10.51, 6929.99, 0.48, 1046.67
61093.0, 0.48, 6100.07, 10.48, 6940.47, 0.48, 1047.14
61094.0, 0.48, 6100.55, 10.45, 6950.92, 0.48, 1047.62
61095.0, 6.41, 6106.96, 4.48, 6955.41, 0.48, 1048.10
61096.0, 7.55, 6114.52, 3.31, 6958.72, 0.48, 1048.57
61097.0, 8.60, 6123.12, 2.24, 6960.96, 0.48, 1049.05
61098.0, 9.50, 6132.61, 1.30, 6962.26, 0.48, 1049.53
61099.0, 10.25, 6142.87, 0.52, 6962.78, 0.48, 1050.00
61100.0, 10.74, 6153.60, 0.00, 6962.78, 0.48, 1050.48
61101.0, 10.71, 6164.31, 0.00, 6962.78, 0.48, 1050.95
61102.0, 10.67, 6174.99, 0.00, 6962.78, 0.48, 1051.43
61104.0, 10.61, 6185.60, 0.00, 6962.78, 0.48, 1051.90
61105.0, 9.23, 6194.83, 1.35, 6964.13, 0.48, 1052.38
61106.0, 8.23, 6203.05, 2.32, 6966.44, 0.48, 1052.86
61107.0, 7.22, 6210.27, 3.29, 6969.74, 0.48, 1053.33
61108.0, 6.21, 6216.48, 4.27, 6974.00, 0.48, 1053.81
61109.0, 5.22, 6221.70, 5.22, 6979.23, 0.48, 1054.29
61110.0, 4.27, 6225.97, 6.14, 6985.37, 0.48, 1054.76
61111.0, 3.38, 6229.35, 7.00, 6992.37, 0.48, 1055.24
61112.0, 0.48, 6229.83, 9.86, 7002.23, 0.48, 1055.72
61113.0, 0.48, 6230.31, 9.83, 7012.06, 0.48, 1056.20
61114.0, 0.48, 6230.78, 9.79, 7021.85, 0.48, 1056.67
61115.0, 0.48, 6231.26, 9.76, 7031.61, 0.48, 1057.15
61116.0, 0.48, 6231.74, 9.72, 7041.34, 0.48, 1057.63
61117.0, 0.48, 6232.22, 9.69, 7051.03, 0.48, 1058.11
61118.0, 0.48, 6232.70, 9.65, 7060.68, 0.48, 1058.59
61119.0, 0.48, 6233.19, 9.62, 7070.30, 0.48, 1059.08
61120.0, 1.12, 6234.31, 9.58, 7079.88, 1.12, 1060.20
61121.0, 1.12, 6235.43, 9.55, 7089.43, 1.12, 1061.32
61122.0, 1.12, 6236.55, 9.51, 7098.94, 1.12, 1062.44
61123.0, 1.13, 6237.68, 9.48, 7108.42, 1.13, 1063.57
61124.0, 6.81, 6244.49, 3.76, 7112.18, 1.13, 1064.69
61125.0, 7.75, 6252.24, 2.78, 7114.95, 1.13, 1065.82
61126.0, 8.54, 6260.78, 1.96, 7116.91, 1.13, 1066.95
61127.0, 9.19, 6269.97, 1.27, 7118.18, 1.13, 1068.08
61128.0, 9.74, 6279.71, 0.69, 7118.87, 1.13, 1069.22
61129.0, 10.39, 6290.10, 0.00, 7118.87, 1.14, 1070.35
61130.0, 10.36, 6300.45, 0.00, 7118.87, 1.14, 1071.49
61131.0, 10.32, 6310.78, 0.00, 7118.87, 1.14, 1072.63
61133.0, 10.25, 6321.03, 0.00, 7118.87, 1.14, 1073.78
61134.0, 9.48, 6330.51, 0.73, 7119.60, 1.15, 1074.93
61135.0, 8.47, 6338.99, 1.71, 7121.31, 1.15, 1076.08
61136.0, 7.47, 6346.45, 2.68, 7123.99, 1.15, 1077.23
61137.0, 6.50, 6352.95, 3.62, 7127.61, 1.16, 1078.38
61138.0, 5.58, 6358.53, 4.49, 7132.11, 1.16, 1079.54
61139.0, 4.76, 6363.29, 5.29, 7137.39, 1.16, 1080.70
61140.0, 4.02, 6367.31, 5.99, 7143.38, 1.16, 1081.87
61141.0, 3.37, 6370.68, 6.60, 7149.99, 1.17, 1083.03
61142.0, 1.17, 6371.85, 8.77, 7158.76, 1.17, 1084.20
61143.0, 1.17, 6373.03, 8.73, 7167.49, 1.17, 1085.38
61144.0, 1.18, 6374.20, 8.69, 7176.18, 1.18, 1086.55
61145.0, 1.18, 6375.38, 8.66, 7184.84, 1.18, 1087.73
61146.0, 1.18, 6376.57, 8.62, 7193.46, 1.18, 1088.92
61147.0, 1.19, 6377.75, 8.58, 7202.04, 1.19, 1090.10
61148.0, 1.19, 6378.94, 8.54, 7210.58, 1.19, 1091.29
61149.0, 1.19, 6380.14, 8.51, 7219.09, 1.19, 1092.49
61150.0, 1.20, 6381.33, 8.47, 7227.56, 1.20, 1093.68
61151.0, 1.20, 6382.54, 8.43, 7235.99, 1.20, 1094.89
61152.0, 1.21, 6383.74, 8.39, 7244.39, 1.21, 1096.09
61153.0, 6.20, 6389.94, 3.37, 7247.75, 1.21, 1097.30
61154.0, 6.89, 6396.83, 2.64, 7250.39, 1.21, 1098.51
61155.0, 7.47, 6404.30, 2.03, 7252.42, 1.22, 1099.73
61156.0, 7.97, 6412.27, 1.50, 7253.92, 1.22, 1100.95
61157.0, 8.41, 6420.68, 1.02, 7254.95, 1.23, 1102.18
61158.0, 8.83, 6429.52, 0.57, 7255.51, 1.23, 1103.41
61159.0, 9.37, 6438.88, 0.00, 7255.51, 1.23, 1104.64
61160.0, 9.34, 6448.22, 0.00, 7255.51, 1.24, 1105.88
61161.0, 9.31, 6457.53, 0.00, 7255.51, 1.24, 1107.12
61163.0, 9.24, 6466.77, 0.00, 7255.51, 1.25, 1108.37
61164.0, 8.15, 6474.92, 1.06, 7256.58, 1.26, 1109.63
61165.0, 7.22, 6482.15, 1.96, 7258.54, 1.26, 1110.89
61166.0, 6.37, 6488.52, 2.78, 7261.32, 1.26, 1112.15
61167.0, 5.62, 6494.14, 3.51, 7264.82, 1.27, 1113.42
61168.0, 4.95, 6499.09, 4.14, 7268.96, 1.27, 1114.69
61169.0, 4.37, 6503.46, 4.69, 7273.65, 1.28, 1115.97
61170.0, 3.84, 6507.30, 5.19, 7278.85, 1.28, 1117.25
61171.0, 1.29, 6508.59, 7.72, 7286.56, 1.29, 1118.54
61172.0, 1.29, 6509.88, 7.69, 7294.25, 1.29, 1119.83
61173.0, 1.30, 6511.17, 7.65, 7301.90, 1.30, 1121.13
61174.0, 1.30, 6512.47, 7.62, 7309.53, 1.30, 1122.43
61175.0, 1.31, 6513.78, 7.59, 7317.12, 1.31, 1123.73
61176.0, 1.31, 6515.09, 7.56, 7324.68, 1.31, 1125.04
61177.0, 1.31, 6516.40, 7.53, 7332.21, 1.31, 1126.36
61178.0, 1.32, 6517.72, 7.50, 7339.71, 1.32, 1127.68
61179.0, 1.32, 6519.04, 7.47, 7347.18, 1.32, 1129.00
61180.0, 1.33, 6520.37, 7.44, 7354.62, 1.33, 1130.33
61181.0, 1.33, 6521.70, 7.41, 7362.03, 1.33, 1131.66
61182.0, 5.17, 6526.87, 3.56, 7365.59, 1.34, 1132.99
61183.0, 5.70, 6532.57, 3.00, 7368.59, 1.34, 1134.33
61184.0, 6.16, 6538.73, 2.51, 7371.10, 1.34, 1135.68
61185.0, 6.59, 6545.32, 2.06, 7373.16, 1.35, 1137.03
61186.0, 7.02, 6552.34, 1.62, 7374.78, 1.35, 1138.38
61187.0, 7.45, 6559.79, 1.17, 7375.95, 1.36, 1139.73
61188.0, 7.92, 6567.70, 0.68, 7376.63, 1.36, 1141.09
61189.0, 8.58, 6576.28, 0.00, 7376.63, 1.36, 1142.46
61190.0, 8.56, 6584.84, 0.00, 7376.63, 1.37, 1143.82
61192.0, 8.52, 6593.36, 0.00, 7376.63, 1.37, 1145.20
61193.0, 8.51, 6601.87, 0.00, 7376.63, 1.38, 1146.58
61194.0, 7.42, 6609.29, 1.07, 7377.69, 1.38, 1147.96
61195.0, 6.75, 6616.04, 1.73, 7379.43, 1.38, 1149.34
61196.0, 6.15, 6622.19, 2.31, 7381.73, 1.39, 1150.72
61197.0, 5.63, 6627.82, 2.82, 7384.55, 1.39, 1152.11
61198.0, 5.15, 6632.97, 3.29, 7387.84, 1.39, 1153.51
61199.0, 4.70, 6637.67, 3.73, 7391.57, 1.39, 1154.90
61200.0, 4.24, 6641.91, 4.17, 7395.75, 1.40, 1156.29
61201.0, 1.40, 6643.31, 7.01, 7402.75, 1.40, 1157.69
61202.0, 1.40, 6644.71, 7.00, 7409.75, 1.40, 1159.09
61203.0, 1.40, 6646.11, 6.99, 7416.74, 1.40, 1160.49
61204.0, 1.40, 6647.52, 6.98, 7423.71, 1.40, 1161.90
61205.0, 1.40, 6648.92, 6.97, 7430.69, 1.40, 1163.30
61206.0, 1.41, 6650.33, 6.96, 7437.65, 1.41, 1164.71
61207.0, 1.41, 6651.74, 6.96, 7444.61, 1.41, 1166.12
61208.0, 1.41, 6653.14, 6.95, 7451.56, 1.41, 1167.52
61209.0, 1.41, 6654.55, 6.95, 7458.51, 1.41, 1168.93
61210.0, 1.41, 6655.96, 6.95, 7465.45, 1.41, 1170.34
61211.0, 1.41, 6657.37, 6.94, 7472.40, 1.41, 1171.75
61212.0, 4.43, 6661.80, 3.92, 7476.32, 1.41, 1173.16
61213.0, 4.87, 6666.67, 3.49, 7479.81, 1.41, 1174.57
61214.0, 5.31, 6671.98, 3.05, 7482.85, 1.41, 1175.98
61215.0, 5.77, 6677.75, 2.58, 7485.44, 1.41, 1177.39
61216.0, 6.29, 6684.03, 2.07, 7487.51, 1.41, 1178.80
61217.0, 6.87, 6690.90, 1.50, 7489.01, 1.41, 1180.20
61218.0, 7.53, 6698.43, 0.84, 7489.84, 1.41, 1181.61
61219.0, 8.37, 6706.81, 0.00, 7489.84, 1.40, 1183.01
61220.0, 8.38, 6715.19, 0.00, 7489.84, 1.40, 1184.42
61221.0, 8.39, 6723.58, 0.00, 7489.84, 1.40, 1185.82
61223.0, 8.40, 6731.98, 0.00, 7489.84, 1.40, 1187.22
61224.0, 7.67, 6739.65, 0.75, 7490.59, 1.40, 1188.61
61225.0, 7.19, 6746.84, 1.23, 7491.82, 1.39, 1190.01
61226.0, 6.75, 6753.59, 1.69, 7493.51, 1.39, 1191.40
61227.0, 6.31, 6759.90, 2.14, 7495.65, 1.39, 1192.79
61270.0, 1.22, 6761.11, 8.30, 7503.95, 1.22, 1194.00
61271.0, 3.30, 6764.41, 6.25, 7510.20, 1.21, 1195.22
61272.0, 3.93, 6768.35, 5.65, 7515.85, 1.21, 1196.42
61273.0, 4.66, 6773.00, 4.96, 7520.81, 1.20, 1197.63
61274.0, 5.47, 6778.47, 4.17, 7524.98, 1.20, 1198.83
61275.0, 6.38, 6784.85, 3.30, 7528.28, 1.20, 1200.02
61276.0, 7.35, 6792.21, 2.36, 7530.64, 1.19, 1201.21
61277.0, 8.37, 6800.57, 1.38, 7532.02, 1.19, 1202.40
61278.0, 9.78, 6810.35, 0.00, 7532.02, 1.19, 1203.59
61279.0, 9.81, 6820.17, 0.00, 7532.02, 1.18, 1204.77
61281.0, 9.88, 6830.05, 0.00, 7532.02, 1.18, 1205.95
61282.0, 9.92, 6839.97, 0.00, 7532.02, 1.17, 1207.12
61283.0, 9.95, 6849.92, 0.00, 7532.02, 1.17, 1208.29
61284.0, 9.33, 6859.25, 0.65, 7532.67, 1.17, 1209.45
61285.0, 8.76, 6868.01, 1.26, 7533.93, 1.16, 1210.62
61286.0, 8.08, 6876.09, 1.97, 7535.91, 1.16, 1211.78
61287.0, 7.26, 6883.35, 2.83, 7538.74, 1.16, 1212.93
61288.0, 6.29, 6889.63, 3.84, 7542.57, 1.15, 1214.09
61289.0, 1.15, 6890.78, 9.00, 7551.57, 1.15, 1215.24
61290.0, 1.15, 6891.93, 9.04, 7560.61, 1.15, 1216.39
61291.0, 1.15, 6893.08, 9.08, 7569.69, 1.15, 1217.54
61292.0, 1.14, 6894.22, 9.11, 7578.81, 1.14, 1218.68
61293.0, 1.14, 6895.37, 9.15, 7587.96, 1.14, 1219.82
61294.0, 1.14, 6896.51, 9.19, 7597.14, 1.14, 1220.96
61295.0, 1.14, 6897.64, 9.22, 7606.37, 1.14, 1222.10
61296.0, 1.14, 6898.78, 9.26, 7615.63, 1.14, 1223.24
61297.0, 1.13, 6899.91, 9.30, 7624.92, 1.13, 1224.37
61298.0, 1.13, 6901.05, 9.33, 7634.25, 1.13, 1225.50
61299.0, 1.13, 6902.18, 9.37, 7643.62, 1.13, 1226.63
61300.0, 1.13, 6903.30, 9.40, 7653.03, 1.13, 1227.76
61301.0, 3.91, 6907.22, 6.65, 7659.68, 1.13, 1228.89
61302.0, 4.79, 6912.01, 5.81, 7665.49, 1.13, 1230.01
61303.0, 5.74, 6917.74, 4.90, 7670.39, 1.12, 1231.14
61304.0, 6.73, 6924.48, 3.93, 7674.32, 1.12, 1232.26
61305.0, 7.12, 6931.59, 2.95, 7677.27, 0.48, 1232.74
61306.0, 8.14, 6939.74, 1.96, 7679.23, 0.48, 1233.22
61307.0, 9.17, 6948.91, 0.96, 7680.19, 0.48, 1233.70
61308.0, 10.17, 6959.08, 0.00, 7680.19, 0.48, 1234.18
61309.0, 10.20, 6969.28, 0.00, 7680.19, 0.48, 1234.66
61311.0, 10.27, 6979.55, 0.00, 7680.19, 0.48, 1235.14
61312.0, 10.30, 6989.85, 0.00, 7680.19, 0.48, 1235.62
61313.0, 9.74, 6999.59, 0.60, 7680.78, 0.48, 1236.10
61314.0, 8.95, 7008.54, 1.42, 7682.20, 0.48, 1236.57
61315.0, 8.02, 7016.57, 2.38, 7684.58, 0.48, 1237.05
61316.0, 6.96, 7023.53, 3.48, 7688.06, 0.48, 1237.53
61317.0, 5.82, 7029.34, 4.65, 7692.71, 0.48, 1238.00
61318.0, 0.48, 7029.82, 10.03, 7702.74, 0.48, 1238.48
61319.0, 0.48, 7030.29, 10.06, 7712.80, 0.48, 1238.96
61320.0, 0.48, 7030.77, 10.09, 7722.89, 0.48, 1239.43
61321.0, 0.48, 7031.25, 10.12, 7733.01, 0.48, 1239.91
61322.0, 0.48, 7031.72, 10.16, 7743.17, 0.48, 1240.38
61323.0, 0.48, 7032.20, 10.19, 7753.36, 0.48, 1240.86
61324.0, 0.48, 7032.67, 10.22, 7763.58, 0.48, 1241.34
61325.0, 0.48, 7033.15, 10.25, 7773.83, 0.48, 1241.81
61326.0, 0.48, 7033.62, 10.28, 7784.12, 0.48, 1242.29
61327.0, 0.48, 7034.10, 10.32, 7794.43, 0.48, 1242.76
61328.0, 0.48, 7034.58, 10.35, 7804.78, 0.48, 1243.24
61329.0, 0.48, 7035.05, 10.38, 7815.16, 0.48, 1243.71
61330.0, 3.50, 7038.55, 7.38, 7822.54, 0.48, 1244.19
61331.0, 4.47, 7043.02, 6.45, 7828.99, 0.48, 1244.67
61332.0, 5.46, 7048.48, 5.48, 7834.47, 0.48, 1245.14
61333.0, 6.47, 7054.95, 4.51, 7838.98, 0.48, 1245.62
61334.0, 7.48, 7062.43, 3.53, 7842.51, 0.48, 1246.10
61335.0, 8.49, 7070.92, 2.54, 7845.05, 0.48, 1246.57
61336.0, 9.52, 7080.44, 1.54, 7846.59, 0.48, 1247.05
61337.0, 10.60, 7091.04, 0.50, 7847.09, 0.48, 1247.53
61339.0, 11.15, 7102.19, 0.00, 7847.09, 0.48, 1248.01
61340.0, 11.18, 7113.36, 0.00, 7847.09, 0.48, 1248.49
61341.0, 11.21, 7124.57, 0.00, 7847.09, 0.48, 1248.97
61342.0, 10.48, 7135.05, 0.75, 7847.84, 0.48, 1249.45
61343.0, 9.43, 7144.48, 1.83, 7849.68, 0.48, 1249.93
61344.0, 8.28, 7152.76, 3.01, 7852.68, 0.48, 1250.41
61345.0, 7.11, 7159.88, 4.20, 7856.88, 0.48, 1250.89
61346.0, 5.97, 7165.85, 5.37, 7862.25, 0.48, 1251.37
61347.0, 0.48, 7166.33, 10.89, 7873.14, 0.48, 1251.85
61348.0, 0.48, 7166.81, 10.91, 7884.05, 0.48, 1252.34
61349.0, 0.48, 7167.30, 10.94, 7894.99, 0.48, 1252.82
61350.0, 0.48, 7167.78, 10.96, 7905.95, 0.48, 1253.30
61351.0, 0.48, 7168.26, 10.99, 7916.94, 0.48, 1253.79
61352.0, 0.49, 7168.75, 11.01, 7927.95, 0.49, 1254.27
61353.0, 0.49, 7169.24, 11.03, 7938.98, 0.49, 1254.76
61354.0, 0.49, 7169.72, 11.06, 7950.03, 0.49, 1255.25
61355.0, 0.49, 7170.21, 11.08, 7961.11, 0.49, 1255.73
61356.0, 0.49, 7170.70, 11.10, 7972.21, 0.49, 1256.22
61357.0, 0.49, 7171.18, 11.12, 7983.34, 0.49, 1256.71
61358.0, 0.49, 7171.67, 11.14, 7994.48, 0.49, 1257.20
61359.0, 0.49, 7172.16, 11.17, 8005.65, 0.49, 1257.69
61360.0, 4.64, 7176.80, 7.04, 8012.69, 0.49, 1258.18
61361.0, 5.61, 7182.41, 6.09, 8018.77, 0.49, 1258.67
61362.0, 6.59, 7189.00, 5.13, 8023.90, 0.49, 1259.16
61363.0, 7.57, 7196.57, 4.16, 8028.07, 0.49, 1259.65
61364.0, 8.59, 7205.16, 3.17, 8031.24, 0.49, 1260.14
61365.0, 9.65, 7214.81, 2.12, 8033.36, 0.49, 1260.64
61366.0, 10.79, 7225.60, 1.01, 8034.37, 0.49, 1261.13
61367.0, 11.81, 7237.41, 0.00, 8034.37, 0.49, 1261.62
61368.0, 11.83, 7249.24, 0.00, 8034.37, 0.49, 1262.12
61370.0, 11.86, 7261.10, 0.00, 8034.37, 0.50, 1262.61
61371.0, 10.93, 7272.03, 0.95, 8035.32, 0.50, 1263.11
61372.0, 9.71, 7281.74, 2.18, 8037.50, 0.50, 1263.61
61373.0, 8.52, 7290.26, 3.39, 8040.89, 0.50, 1264.11
61374.0, 7.38, 7297.64, 4.54, 8045.44, 0.50, 1264.60
61375.0, 6.31, 7303.95, 5.63, 8051.07, 0.50, 1265.10
61376.0, 5.28, 7309.23, 6.67, 8057.73, 0.50, 1265.60
61377.0, 0.50, 7309.73, 11.46, 8069.20, 0.50, 1266.10
61378.0, 0.50, 7310.23, 11.47, 8080.67, 0.50, 1266.60
61379.0, 0.50, 7310.73, 11.48, 8092.15, 0.50, 1267.10
61380.0, 0.50, 7311.23, 11.49, 8103.65, 0.50, 1267.61
61381.0, 0.50, 7311.73, 11.50, 8115.15, 0.50, 1268.11
61382.0, 0.50, 7312.24, 11.51, 8126.67, 0.50, 1268.61
61383.0, 0.50, 7312.74, 11.52, 8138.19, 0.50, 1269.11
61384.0, 0.50, 7313.24, 11.53, 8149.72, 0.50, 1269.61
61385.0, 0.50, 7313.74, 11.54, 8161.26, 0.50, 1270.12
61386.0, 0.50, 7314.25, 11.54, 8172.80, 0.50, 1270.62
61387.0, 0.50, 7314.75, 11.55, 8184.35, 0.50, 1271.12
61388.0, 0.50, 7315.26, 11.55, 8195.90, 0.50, 1271.63
61389.0, 0.50, 7315.76, 11.56, 8207.46, 0.50, 1272.13
61390.0, 5.39, 7321.15, 6.68, 8214.14, 0.50, 1272.64
61391.0, 6.35, 7327.50, 5.72, 8219.86, 0.50, 1273.14
61392.0, 7.34, 7334.84, 4.73, 8224.59, 0.50, 1273.64
61393.0, 8.39, 7343.23, 3.69, 8228.28, 0.50, 1274.15
61394.0, 9.51, 7352.74, 2.57, 8230.85, 0.50, 1274.65
61395.0, 10.70, 7363.44, 1.38, 8232.22, 0.50, 1275.16
61396.0, 12.08, 7375.52, 0.00, 8232.22, 0.50, 1275.66
61397.0, 12.08, 7387.59, 0.00, 8232.22, 0.50, 1276.17
61399.0, 12.07, 7399.67, 0.00, 8232.22, 0.50, 1276.67
61400.0, 11.17, 7410.84, 0.90, 8233.12, 0.50, 1277.18
61401.0, 9.95, 7420.79, 2.12, 8235.24, 0.50, 1277.68
61402.0, 8.80, 7429.58, 3.27, 8238.51, 0.50, 1278.18
61403.0, 7.71, 7437.29, 4.35, 8242.86, 0.50, 1278.69
61404.0, 6.67, 7443.97, 5.38, 8248.24, 0.50, 1279.19
61405.0, 5.66, 7449.63, 6.39, 8254.63, 0.50, 1279.69
