mjd, bright, cum_bright, dark, cum_dark
60001.0, 2.47, 2.47, 6.50, 6.50
60002.0, 3.14, 5.61, 5.86, 12.37
60003.0, 3.89, 9.50, 5.15, 17.52
60004.0, 4.71, 14.21, 4.37, 21.89
60005.0, 5.60, 19.81, 3.51, 25.40
60006.0, 6.53, 26.34, 2.61, 28.01
60007.0, 7.49, 33.82, 1.69, 29.69
60008.0, 8.44, 42.27, 0.76, 30.46
60009.0, 9.24, 51.50, 0.00, 30.46
60010.0, 9.27, 60.77, 0.00, 30.46
60011.0, 9.30, 70.08, 0.00, 30.46
60014.0, 8.63, 78.70, 0.77, 31.23
60015.0, 8.09, 86.79, 1.34, 32.57
60016.0, 7.47, 94.27, 1.99, 34.56
60017.0, 6.75, 101.02, 2.74, 37.30
60018.0, 5.89, 106.91, 3.63, 40.94
60019.0, 4.89, 111.80, 4.66, 45.60
60020.0, 0.00, 111.80, 9.59, 55.19
60021.0, 0.00, 111.80, 9.62, 64.81
60022.0, 0.00, 111.80, 9.65, 74.46
60023.0, 0.00, 111.80, 9.68, 84.14
60024.0, 0.00, 111.80, 9.71, 93.86
60025.0, 0.00, 111.80, 9.74, 103.60
60026.0, 0.00, 111.80, 9.77, 113.37
60027.0, 0.00, 111.80, 9.80, 123.17
60028.0, 0.00, 111.80, 9.83, 133.01
60029.0, 0.00, 111.80, 9.86, 142.87
60030.0, 0.00, 111.80, 9.89, 152.76
60031.0, 3.12, 114.92, 6.80, 159.57
60032.0, 3.99, 118.91, 5.96, 165.52
60033.0, 4.92, 123.83, 5.06, 170.58
60034.0, 5.88, 129.71, 4.13, 174.71
60035.0, 6.84, 136.55, 3.20, 177.91
60036.0, 7.79, 144.33, 2.28, 180.19
60037.0, 8.73, 153.06, 1.37, 181.56
60038.0, 9.66, 162.72, 0.46, 182.02
60039.0, 10.15, 172.87, 0.00, 182.02
60042.0, 10.23, 183.10, 0.00, 182.02
60043.0, 9.74, 192.84, 0.51, 182.53
60044.0, 9.05, 201.89, 1.24, 183.77
60045.0, 8.22, 210.11, 2.09, 185.86
60046.0, 7.27, 217.38, 3.07, 188.93
60047.0, 6.20, 223.58, 4.16, 193.09
60048.0, 5.07, 228.65, 5.32, 198.41
60049.0, 0.00, 228.65, 10.41, 208.83
60050.0, 0.00, 228.65, 10.44, 219.27
60051.0, 0.00, 228.65, 10.47, 229.73
60052.0, 0.00, 228.65, 10.49, 240.22
60053.0, 0.00, 228.65, 10.51, 250.74
60054.0, 0.00, 228.65, 10.54, 261.28
60055.0, 0.00, 228.65, 10.56, 271.84
60056.0, 0.00, 228.65, 10.59, 282.43
60057.0, 0.00, 228.65, 10.61, 293.04
60058.0, 0.00, 228.65, 10.63, 303.67
60059.0, 0.00, 228.65, 10.66, 314.33
60060.0, 0.00, 228.65, 10.68, 325.01
60061.0, 4.15, 232.81, 6.55, 331.55
60062.0, 5.11, 237.92, 5.61, 337.17
60063.0, 6.06, 243.97, 4.69, 341.86
60064.0, 6.99, 250.96, 3.78, 345.63
60065.0, 7.91, 258.88, 2.87, 348.51
60066.0, 8.84, 267.72, 1.97, 350.47
60067.0, 9.79, 277.50, 1.04, 351.52
60068.0, 10.85, 288.35, 0.00, 351.52
60069.0, 10.87, 299.22, 0.00, 351.52
60072.0, 10.93, 310.15, 0.00, 351.52
60073.0, 9.61, 319.77, 1.33, 352.85
60074.0, 8.56, 328.33, 2.41, 355.26
60075.0, 7.43, 335.76, 3.55, 358.81
60076.0, 6.29, 342.04, 4.71, 363.52
60077.0, 5.17, 347.21, 5.85, 369.38
60078.0, 0.00, 347.21, 11.04, 380.41
60079.0, 0.00, 347.21, 11.05, 391.46
60080.0, 0.00, 347.21, 11.07, 402.53
60081.0, 0.00, 347.21, 11.08, 413.61
60082.0, 0.00, 347.21, 11.10, 424.71
60083.0, 0.00, 347.21, 11.11, 435.83
60084.0, 0.00, 347.21, 11.13, 446.96
60085.0, 0.00, 347.21, 11.14, 458.10
60086.0, 0.00, 347.21, 11.16, 469.26
60087.0, 0.00, 347.21, 11.17, 480.43
60088.0, 0.00, 347.21, 11.18, 491.61
60089.0, 0.00, 347.21, 11.20, 502.81
60090.0, 0.00, 347.21, 11.21, 514.02
60091.0, 5.05, 352.26, 6.17, 520.19
60092.0, 5.96, 358.21, 5.28, 525.47
60093.0, 6.86, 365.07, 4.38, 529.85
60094.0, 7.77, 372.85, 3.48, 533.33
60095.0, 8.72, 381.56, 2.55, 535.88
60096.0, 9.71, 391.27, 1.57, 537.45
60097.0, 10.76, 402.04, 0.52, 537.97
60098.0, 11.29, 413.33, 0.00, 537.97
60101.0, 11.32, 424.65, 0.00, 537.97
60102.0, 9.84, 434.49, 1.48, 539.45
60103.0, 8.66, 443.15, 2.67, 542.12
60104.0, 7.51, 450.66, 3.83, 545.95
60105.0, 6.40, 457.06, 4.94, 550.89
60106.0, 5.34, 462.40, 6.01, 556.90
60107.0, 0.00, 462.40, 11.35, 568.25
60108.0, 0.00, 462.40, 11.36, 579.61
60109.0, 0.00, 462.40, 11.36, 590.97
60110.0, 0.00, 462.40, 11.36, 602.33
60111.0, 0.00, 462.40, 11.37, 613.70
60112.0, 0.00, 462.40, 11.37, 625.06
60113.0, 0.00, 462.40, 11.37, 636.44
60114.0, 0.00, 462.40, 11.37, 647.81
60115.0, 0.00, 462.40, 11.37, 659.18
60116.0, 0.00, 462.40, 11.37, 670.55
60117.0, 0.00, 462.40, 11.37, 681.93
60118.0, 0.00, 462.40, 11.37, 693.30
60119.0, 0.00, 462.40, 11.37, 704.67
60120.0, 4.68, 467.08, 6.69, 711.36
60121.0, 5.57, 472.65, 5.80, 717.16
60122.0, 6.47, 479.12, 4.90, 722.06
60123.0, 7.41, 486.52, 3.95, 726.01
60124.0, 8.41, 494.93, 2.95, 728.97
60125.0, 9.47, 504.41, 1.88, 730.85
60126.0, 10.60, 515.01, 0.75, 731.60
60127.0, 11.35, 526.35, 0.00, 731.60
60128.0, 11.34, 537.70, 0.00, 731.60
60131.0, 9.85, 547.54, 1.48, 733.08
60132.0, 8.67, 556.21, 2.64, 735.72
60133.0, 7.56, 563.77, 3.75, 739.47
60134.0, 6.49, 570.26, 4.81, 744.28
60135.0, 5.46, 575.72, 5.83, 750.11
60136.0, 4.44, 580.16, 6.85, 756.96
60137.0, 0.00, 580.16, 11.27, 768.23
60138.0, 0.00, 580.16, 11.26, 779.50
60139.0, 0.00, 580.16, 11.25, 790.75
60140.0, 0.00, 580.16, 11.24, 801.99
60141.0, 0.00, 580.16, 11.23, 813.23
60142.0, 0.00, 580.16, 11.22, 824.45
60143.0, 0.00, 580.16, 11.21, 835.65
60144.0, 0.00, 580.16, 11.20, 846.85
60145.0, 0.00, 580.16, 11.18, 858.03
60146.0, 0.00, 580.16, 11.17, 869.20
60147.0, 0.00, 580.16, 11.16, 880.36
60148.0, 0.00, 580.16, 11.14, 891.50
60149.0, 0.00, 580.16, 11.13, 902.63
60150.0, 5.06, 585.21, 6.06, 908.69
60151.0, 6.00, 591.22, 5.10, 913.79
60152.0, 7.01, 598.22, 4.08, 917.86
60153.0, 8.08, 606.30, 2.99, 920.85
60154.0, 9.19, 615.49, 1.86, 922.71
60155.0, 10.30, 625.79, 0.73, 923.45
60156.0, 11.02, 636.81, 0.00, 923.45
60157.0, 11.00, 647.82, 0.00, 923.45
60158.0, 10.98, 658.80, 0.00, 923.45
60161.0, 8.55, 667.35, 2.38, 925.83
60162.0, 7.46, 674.80, 3.46, 929.29
60163.0, 6.39, 681.19, 4.50, 933.79
60164.0, 5.33, 686.53, 5.54, 939.33
60165.0, 4.29, 690.81, 6.57, 945.89
60166.0, 0.00, 690.81, 10.83, 956.73
60167.0, 0.00, 690.81, 10.81, 967.54
60168.0, 0.00, 690.81, 10.79, 978.33
60169.0, 0.00, 690.81, 10.77, 989.10
60170.0, 0.00, 690.81, 10.75, 999.85
60171.0, 0.00, 690.81, 10.73, 1010.58
60172.0, 0.00, 690.81, 10.71, 1021.29
60173.0, 0.00, 690.81, 10.68, 1031.97
60174.0, 0.00, 690.81, 10.66, 1042.63
60175.0, 0.00, 690.81, 10.64, 1053.27
60176.0, 0.00, 690.81, 10.62, 1063.89
60177.0, 0.00, 690.81, 10.59, 1074.48
60178.0, 0.00, 690.81, 10.57, 1085.05
60179.0, 4.64, 695.45, 5.91, 1090.96
60180.0, 5.65, 701.10, 4.87, 1095.83
60181.0, 6.72, 707.82, 3.78, 1099.61
60182.0, 7.80, 715.62, 2.67, 1102.28
60183.0, 8.84, 724.47, 1.60, 1103.89
60184.0, 9.80, 734.26, 0.63, 1104.51
60185.0, 10.40, 744.66, 0.00, 1104.51
60186.0, 10.37, 755.04, 0.00, 1104.51
60189.0, 9.36, 764.40, 0.93, 1105.45
60190.0, 8.24, 772.64, 2.03, 1107.47
60191.0, 7.14, 779.78, 3.11, 1110.58
60192.0, 6.04, 785.83, 4.17, 1114.75
60193.0, 4.96, 790.79, 5.23, 1119.98
60194.0, 3.92, 794.71, 6.24, 1126.22
60195.0, 2.95, 797.66, 7.19, 1133.41
60196.0, 0.00, 797.66, 10.11, 1143.52
60197.0, 0.00, 797.66, 10.08, 1153.60
60198.0, 0.00, 797.66, 10.05, 1163.65
60199.0, 0.00, 797.66, 10.03, 1173.68
60200.0, 0.00, 797.66, 10.00, 1183.68
60201.0, 0.00, 797.66, 9.97, 1193.64
60202.0, 0.00, 797.66, 9.94, 1203.58
60203.0, 0.00, 797.66, 9.91, 1213.50
60204.0, 0.00, 797.66, 9.88, 1223.38
60205.0, 0.00, 797.66, 9.85, 1233.23
60206.0, 0.00, 797.66, 9.82, 1243.06
60207.0, 0.00, 797.66, 9.79, 1252.85
60208.0, 0.00, 797.66, 9.76, 1262.62
60209.0, 5.41, 803.07, 4.33, 1266.94
60210.0, 6.44, 809.51, 3.27, 1270.21
60211.0, 7.39, 816.90, 2.28, 1272.49
60212.0, 8.24, 825.15, 1.40, 1273.89
60213.0, 8.99, 834.14, 0.63, 1274.52
60214.0, 9.58, 843.72, 0.00, 1274.52
60215.0, 9.55, 853.27, 0.00, 1274.52
60216.0, 9.52, 862.79, 0.00, 1274.52
60219.0, 7.81, 870.60, 1.62, 1276.14
60220.0, 6.68, 877.28, 2.72, 1278.86
60221.0, 5.58, 882.87, 3.78, 1282.64
60222.0, 4.55, 887.42, 4.78, 1287.42
60223.0, 3.61, 891.03, 5.69, 1293.11
60224.0, 2.78, 893.80, 6.49, 1299.61
60225.0, 0.00, 893.80, 9.24, 1308.84
60226.0, 0.00, 893.80, 9.21, 1318.05
60227.0, 0.00, 893.80, 9.17, 1327.22
60228.0, 0.00, 893.80, 9.14, 1336.36
60229.0, 0.00, 893.80, 9.11, 1345.47
60230.0, 0.00, 893.80, 9.08, 1354.55
60231.0, 0.00, 893.80, 9.04, 1363.59
60232.0, 0.00, 893.80, 9.01, 1372.61
60233.0, 0.00, 893.80, 8.98, 1381.58
60234.0, 0.00, 893.80, 8.95, 1390.53
60235.0, 0.00, 893.80, 8.91, 1399.44
60236.0, 0.00, 893.80, 8.88, 1408.32
60237.0, 0.00, 893.80, 8.85, 1417.17
60238.0, 5.00, 898.80, 3.82, 1420.99
60239.0, 5.86, 904.66, 2.93, 1423.91
60240.0, 6.61, 911.27, 2.14, 1426.06
60241.0, 7.26, 918.53, 1.46, 1427.51
60242.0, 7.85, 926.37, 0.84, 1428.35
60243.0, 8.65, 935.03, 0.00, 1428.35
60244.0, 8.62, 943.65, 0.00, 1428.35
60245.0, 8.59, 952.23, 0.00, 1428.35
60248.0, 7.38, 959.61, 1.11, 1429.46
60249.0, 6.29, 965.91, 2.17, 1431.63
60250.0, 5.29, 971.19, 3.14, 1434.77
60251.0, 4.39, 975.59, 4.00, 1438.77
60252.0, 3.62, 979.20, 4.75, 1443.51
60253.0, 2.95, 982.16, 5.38, 1448.89
60254.0, 2.37, 984.53, 5.93, 1454.82
60255.0, 0.00, 984.53, 8.27, 1463.09
60256.0, 0.00, 984.53, 8.24, 1471.33
60257.0, 0.00, 984.53, 8.21, 1479.54
60258.0, 0.00, 984.53, 8.18, 1487.72
60259.0, 0.00, 984.53, 8.15, 1495.86
60260.0, 0.00, 984.53, 8.12, 1503.98
60261.0, 0.00, 984.53, 8.09, 1512.07
60262.0, 0.00, 984.53, 8.06, 1520.13
60263.0, 0.00, 984.53, 8.03, 1528.16
60264.0, 0.00, 984.53, 8.00, 1536.17
60265.0, 0.00, 984.53, 7.98, 1544.14
60266.0, 0.00, 984.53, 7.95, 1552.09
60267.0, 0.00, 984.53, 7.92, 1560.02
60268.0, 4.83, 989.36, 3.06, 1563.08
60269.0, 5.42, 994.78, 2.45, 1565.53
60270.0, 5.96, 1000.74, 1.89, 1567.42
60271.0, 6.47, 1007.21, 1.35, 1568.76
60272.0, 6.99, 1014.20, 0.80, 1569.57
60273.0, 7.77, 1021.98, 0.00, 1569.57
60274.0, 7.75, 1029.73, 0.00, 1569.57
60275.0, 7.73, 1037.45, 0.00, 1569.57
60278.0, 6.30, 1043.75, 1.36, 1570.93
60279.0, 5.48, 1049.23, 2.17, 1573.10
60280.0, 4.77, 1054.00, 2.86, 1575.95
60281.0, 4.16, 1058.16, 3.45, 1579.40
60282.0, 3.63, 1061.79, 3.96, 1583.36
60283.0, 3.16, 1064.95, 4.42, 1587.78
60284.0, 2.71, 1067.66, 4.85, 1592.63
60285.0, 0.00, 1067.66, 7.54, 1600.17
60286.0, 0.00, 1067.66, 7.53, 1607.70
60287.0, 0.00, 1067.66, 7.52, 1615.22
60288.0, 0.00, 1067.66, 7.50, 1622.72
60289.0, 0.00, 1067.66, 7.49, 1630.21
60290.0, 0.00, 1067.66, 7.48, 1637.70
60291.0, 0.00, 1067.66, 7.47, 1645.17
60292.0, 0.00, 1067.66, 7.47, 1652.64
60293.0, 0.00, 1067.66, 7.46, 1660.09
60294.0, 0.00, 1067.66, 7.45, 1667.55
60295.0, 0.00, 1067.66, 7.45, 1674.99
60296.0, 0.00, 1067.66, 7.44, 1682.43
60297.0, 3.61, 1071.27, 3.83, 1686.26
60298.0, 4.13, 1075.40, 3.30, 1689.57
60299.0, 4.65, 1080.04, 2.79, 1692.35
60300.0, 5.18, 1085.23, 2.25, 1694.60
60301.0, 5.77, 1091.00, 1.67, 1696.27
60302.0, 6.42, 1097.42, 1.01, 1697.28
60305.0, 7.45, 1104.87, 0.00, 1697.28
60308.0, 6.35, 1111.22, 1.11, 1698.39
60309.0, 5.81, 1117.03, 1.67, 1700.06
60310.0, 5.33, 1122.36, 2.16, 1702.22
60311.0, 4.89, 1127.25, 2.61, 1704.82
60312.0, 4.47, 1131.71, 3.04, 1707.86
60313.0, 4.04, 1135.75, 3.48, 1711.34
60314.0, 3.60, 1139.35, 3.93, 1715.27
60315.0, 0.00, 1139.35, 7.55, 1722.82
60316.0, 0.00, 1139.35, 7.56, 1730.38
60317.0, 0.00, 1139.35, 7.58, 1737.96
60318.0, 0.00, 1139.35, 7.59, 1745.55
60319.0, 0.00, 1139.35, 7.61, 1753.16
60320.0, 0.00, 1139.35, 7.63, 1760.79
60321.0, 0.00, 1139.35, 7.65, 1768.44
60322.0, 0.00, 1139.35, 7.67, 1776.10
60323.0, 0.00, 1139.35, 7.69, 1783.79
60324.0, 0.00, 1139.35, 7.71, 1791.50
60325.0, 0.00, 1139.35, 7.73, 1799.23
60326.0, 2.64, 1141.99, 5.12, 1804.35
60327.0, 3.18, 1145.17, 4.59, 1808.94
60328.0, 3.77, 1148.94, 4.03, 1812.98
60329.0, 4.41, 1153.35, 3.42, 1816.39
60330.0, 5.13, 1158.48, 2.72, 1819.11
60331.0, 5.95, 1164.43, 1.93, 1821.04
60332.0, 6.85, 1171.28, 1.05, 1822.09
60333.0, 7.93, 1179.21, 0.00, 1822.09
60334.0, 7.96, 1187.17, 0.00, 1822.09
60337.0, 8.04, 1195.21, 0.00, 1822.09
60338.0, 7.31, 1202.51, 0.76, 1822.85
60339.0, 6.89, 1209.40, 1.21, 1824.06
60340.0, 6.47, 1215.87, 1.65, 1825.72
60341.0, 6.05, 1221.92, 2.11, 1827.82
60342.0, 5.59, 1227.51, 2.60, 1830.42
60343.0, 5.07, 1232.58, 3.15, 1833.57
60344.0, 4.47, 1237.05, 3.78, 1837.35
60345.0, 0.00, 1237.05, 8.28, 1845.63
60346.0, 0.00, 1237.05, 8.31, 1853.94
60347.0, 0.00, 1237.05, 8.34, 1862.29
60348.0, 0.00, 1237.05, 8.38, 1870.66
60349.0, 0.00, 1237.05, 8.41, 1879.07
60350.0, 0.00, 1237.05, 8.44, 1887.51
60351.0, 0.00, 1237.05, 8.47, 1895.98
60352.0, 0.00, 1237.05, 8.50, 1904.49
60353.0, 0.00, 1237.05, 8.54, 1913.02
60354.0, 0.00, 1237.05, 8.57, 1921.59
60355.0, 0.00, 1237.05, 8.60, 1930.20
60356.0, 2.74, 1239.79, 5.90, 1936.09
60357.0, 3.46, 1243.25, 5.21, 1941.30
60358.0, 4.26, 1247.51, 4.44, 1945.74
60359.0, 5.15, 1252.66, 3.59, 1949.33
60360.0, 6.10, 1258.76, 2.66, 1951.99
60361.0, 7.09, 1265.85, 1.71, 1953.70
60362.0, 8.08, 1273.93, 0.76, 1954.46
60363.0, 8.87, 1282.80, 0.00, 1954.46
60364.0, 8.90, 1291.70, 0.00, 1954.46
60367.0, 9.00, 1300.70, 0.00, 1954.46
60368.0, 8.43, 1309.13, 0.60, 1955.06
60369.0, 7.99, 1317.12, 1.08, 1956.14
60370.0, 7.50, 1324.61, 1.60, 1957.75
60371.0, 6.93, 1331.54, 2.20, 1959.95
60372.0, 6.27, 1337.81, 2.90, 1962.84
60373.0, 5.48, 1343.29, 3.72, 1966.56
60374.0, 0.00, 1343.29, 9.23, 1975.79
60375.0, 0.00, 1343.29, 9.26, 1985.06
60376.0, 0.00, 1343.29, 9.29, 1994.35
60377.0, 0.00, 1343.29, 9.33, 2003.68
60378.0, 0.00, 1343.29, 9.36, 2013.04
60379.0, 0.00, 1343.29, 9.39, 2022.43
60380.0, 0.00, 1343.29, 9.42, 2031.85
60381.0, 0.00, 1343.29, 9.46, 2041.31
60382.0, 0.00, 1343.29, 9.49, 2050.79
60383.0, 0.00, 1343.29, 9.52, 2060.31
60384.0, 0.00, 1343.29, 9.55, 2069.86
60385.0, 2.69, 1345.98, 6.89, 2076.75
60386.0, 3.58, 1349.56, 6.04, 2082.79
60387.0, 4.53, 1354.09, 5.11, 2087.90
60388.0, 5.52, 1359.61, 4.15, 2092.05
60389.0, 6.51, 1366.13, 3.19, 2095.24
60390.0, 7.49, 1373.62, 2.25, 2097.49
60391.0, 8.43, 1382.05, 1.33, 2098.82
60392.0, 9.35, 1391.39, 0.45, 2099.27
60393.0, 9.83, 1401.22, 0.00, 2099.27
60396.0, 9.91, 1411.13, 0.00, 2099.27
60397.0, 9.94, 1421.08, 0.00, 2099.27
60398.0, 9.22, 1430.29, 0.76, 2100.03
60399.0, 8.59, 1438.88, 1.41, 2101.44
60400.0, 7.85, 1446.73, 2.18, 2103.62
60401.0, 6.98, 1453.71, 3.08, 2106.70
60402.0, 5.99, 1459.70, 4.10, 2110.80
60403.0, 4.90, 1464.60, 5.22, 2116.01
60404.0, 0.00, 1464.60, 10.14, 2126.15
60405.0, 0.00, 1464.60, 10.17, 2136.32
60406.0, 0.00, 1464.60, 10.20, 2146.52
60407.0, 0.00, 1464.60, 10.22, 2156.75
60408.0, 0.00, 1464.60, 10.25, 2167.00
60409.0, 0.00, 1464.60, 10.28, 2177.28
60410.0, 0.00, 1464.60, 10.31, 2187.58
60411.0, 0.00, 1464.60, 10.33, 2197.91
60412.0, 0.00, 1464.60, 10.36, 2208.27
60413.0, 0.00, 1464.60, 10.38, 2218.66
60414.0, 0.00, 1464.60, 10.41, 2229.06
60415.0, 3.87, 1468.47, 6.57, 2235.63
60416.0, 4.88, 1473.35, 5.58, 2241.21
60417.0, 5.87, 1479.21, 4.62, 2245.83
60418.0, 6.82, 1486.04, 3.69, 2249.52
60419.0, 7.74, 1493.78, 2.79, 2252.31
60420.0, 8.64, 1502.41, 1.92, 2254.23
60421.0, 9.52, 1511.94, 1.06, 2255.29
60422.0, 10.60, 1522.54, 0.00, 2255.29
60423.0, 10.63, 1533.17, 0.00, 2255.29
60424.0, 10.65, 1543.82, 0.00, 2255.29
60427.0, 10.12, 1553.94, 0.60, 2255.89
60428.0, 9.28, 1563.22, 1.46, 2257.35
60429.0, 8.33, 1571.55, 2.43, 2259.78
60430.0, 7.28, 1578.83, 3.50, 2263.28
60431.0, 6.18, 1585.01, 4.62, 2267.90
60432.0, 5.06, 1590.08, 5.76, 2273.66
60433.0, 0.00, 1590.08, 10.84, 2284.50
60434.0, 0.00, 1590.08, 10.87, 2295.37
60435.0, 0.00, 1590.08, 10.88, 2306.25
60436.0, 0.00, 1590.08, 10.90, 2317.16
60437.0, 0.00, 1590.08, 10.92, 2328.08
60438.0, 0.00, 1590.08, 10.94, 2339.02
60439.0, 0.00, 1590.08, 10.96, 2349.98
60440.0, 0.00, 1590.08, 10.98, 2360.96
60441.0, 0.00, 1590.08, 11.00, 2371.96
60442.0, 0.00, 1590.08, 11.01, 2382.97
60443.0, 0.00, 1590.08, 11.03, 2394.00
60444.0, 4.02, 1594.10, 7.03, 2401.03
60445.0, 5.00, 1599.10, 6.07, 2407.10
60446.0, 5.93, 1605.02, 5.15, 2412.25
60447.0, 6.83, 1611.85, 4.27, 2416.52
60448.0, 7.70, 1619.55, 3.41, 2419.93
60449.0, 8.58, 1628.14, 2.54, 2422.47
60450.0, 9.48, 1637.62, 1.66, 2424.13
60451.0, 10.41, 1648.03, 0.74, 2424.87
60452.0, 11.17, 1659.20, 0.00, 2424.87
60453.0, 11.18, 1670.38, 0.00, 2424.87
60456.0, 10.66, 1681.03, 0.56, 2425.43
60457.0, 9.62, 1690.66, 1.61, 2427.04
60458.0, 8.52, 1699.18, 2.72, 2429.76
60459.0, 7.41, 1706.59, 3.84, 2433.60
60460.0, 6.31, 1712.90, 4.95, 2438.55
60461.0, 5.24, 1718.14, 6.03, 2444.59
60462.0, 0.00, 1718.14, 11.28, 2455.87
60463.0, 0.00, 1718.14, 11.29, 2467.16
60464.0, 0.00, 1718.14, 11.30, 2478.46
60465.0, 0.00, 1718.14, 11.31, 2489.77
60466.0, 0.00, 1718.14, 11.31, 2501.08
60467.0, 0.00, 1718.14, 11.32, 2512.40
60468.0, 0.00, 1718.14, 11.33, 2523.73
60469.0, 0.00, 1718.14, 11.34, 2535.07
60470.0, 0.00, 1718.14, 11.34, 2546.41
60471.0, 0.00, 1718.14, 11.35, 2557.75
60472.0, 0.00, 1718.14, 11.35, 2569.11
60473.0, 0.00, 1718.14, 11.36, 2580.46
60474.0, 4.75, 1722.89, 6.61, 2587.07
60475.0, 5.62, 1728.51, 5.74, 2592.81
60476.0, 6.49, 1735.00, 4.87, 2597.69
60477.0, 7.37, 1742.37, 4.00, 2601.69
60478.0, 8.27, 1750.64, 3.10, 2604.79
60479.0, 9.21, 1759.85, 2.16, 2606.95
60480.0, 10.21, 1770.06, 1.16, 2608.11
60481.0, 11.37, 1781.44, 0.00, 2608.11
60482.0, 11.37, 1792.81, 0.00, 2608.11
60485.0, 10.85, 1803.66, 0.52, 2608.63
60486.0, 9.71, 1813.36, 1.66, 2610.30
60487.0, 8.58, 1821.94, 2.79, 2613.08
60488.0, 7.48, 1829.43, 3.88, 2616.96
60489.0, 6.41, 1835.84, 4.95, 2621.91
60490.0, 5.35, 1841.19, 6.01, 2627.92
60491.0, 0.00, 1841.19, 11.35, 2639.27
60492.0, 0.00, 1841.19, 11.35, 2650.62
60493.0, 0.00, 1841.19, 11.34, 2661.96
60494.0, 0.00, 1841.19, 11.34, 2673.30
60495.0, 0.00, 1841.19, 11.33, 2684.63
60496.0, 0.00, 1841.19, 11.32, 2695.96
60497.0, 0.00, 1841.19, 11.32, 2707.27
60498.0, 0.00, 1841.19, 11.31, 2718.58
60499.0, 0.00, 1841.19, 11.30, 2729.89
60500.0, 0.00, 1841.19, 11.29, 2741.18
60501.0, 0.00, 1841.19, 11.29, 2752.47
60502.0, 0.00, 1841.19, 11.28, 2763.74
60503.0, 0.00, 1841.19, 11.27, 2775.01
60504.0, 5.07, 1846.26, 6.18, 2781.19
60505.0, 5.95, 1852.22, 5.29, 2786.48
60506.0, 6.86, 1859.08, 4.37, 2790.85
60507.0, 7.82, 1866.90, 3.40, 2794.25
60508.0, 8.83, 1875.73, 2.38, 2796.64
60509.0, 9.86, 1885.59, 1.34, 2797.97
60510.0, 11.19, 1896.78, 0.00, 2797.97
60511.0, 11.17, 1907.95, 0.00, 2797.97
60512.0, 11.16, 1919.12, 0.00, 2797.97
60515.0, 9.60, 1928.72, 1.52, 2799.49
60516.0, 8.48, 1937.20, 2.62, 2802.11
60517.0, 7.39, 1944.59, 3.70, 2805.81
60518.0, 6.30, 1950.89, 4.77, 2810.58
60519.0, 5.20, 1956.09, 5.86, 2816.44
60520.0, 4.09, 1960.17, 6.95, 2823.39
60521.0, 0.00, 1960.17, 11.02, 2834.41
60522.0, 0.00, 1960.17, 11.01, 2845.42
60523.0, 0.00, 1960.17, 10.99, 2856.41
60524.0, 0.00, 1960.17, 10.97, 2867.38
60525.0, 0.00, 1960.17, 10.95, 2878.33
60526.0, 0.00, 1960.17, 10.93, 2889.26
60527.0, 0.00, 1960.17, 10.92, 2900.18
60528.0, 0.00, 1960.17, 10.90, 2911.08
60529.0, 0.00, 1960.17, 10.88, 2921.95
60530.0, 0.00, 1960.17, 10.86, 2932.81
60531.0, 0.00, 1960.17, 10.84, 2943.65
60532.0, 0.00, 1960.17, 10.82, 2954.47
60533.0, 0.00, 1960.17, 10.80, 2965.26
60534.0, 5.42, 1965.60, 5.35, 2970.61
60535.0, 6.39, 1971.99, 4.36, 2974.98
60536.0, 7.40, 1979.39, 3.34, 2978.31
60537.0, 8.41, 1987.80, 2.30, 2980.62
60538.0, 9.39, 1997.19, 1.30, 2981.92
60539.0, 10.67, 2007.85, 0.00, 2981.92
60540.0, 10.64, 2018.50, 0.00, 2981.92
60541.0, 10.62, 2029.12, 0.00, 2981.92
60544.0, 9.30, 2038.42, 1.25, 2983.17
60545.0, 8.16, 2046.58, 2.37, 2985.53
60546.0, 7.02, 2053.61, 3.48, 2989.01
60547.0, 5.88, 2059.48, 4.60, 2993.62
60548.0, 4.73, 2064.21, 5.73, 2999.35
60549.0, 3.61, 2067.82, 6.82, 3006.16
60550.0, 0.00, 2067.82, 10.41, 3016.57
60551.0, 0.00, 2067.82, 10.38, 3026.95
60552.0, 0.00, 2067.82, 10.36, 3037.30
60553.0, 0.00, 2067.82, 10.33, 3047.63
60554.0, 0.00, 2067.82, 10.30, 3057.94
60555.0, 0.00, 2067.82, 10.28, 3068.21
60556.0, 0.00, 2067.82, 10.25, 3078.46
60557.0, 0.00, 2067.82, 10.22, 3088.69
60558.0, 0.00, 2067.82, 10.20, 3098.89
60559.0, 0.00, 2067.82, 10.17, 3109.06
60560.0, 0.00, 2067.82, 10.14, 3119.20
60561.0, 0.00, 2067.82, 10.12, 3129.31
60562.0, 0.00, 2067.82, 10.09, 3139.40
60563.0, 5.00, 2072.82, 5.06, 3144.46
60564.0, 5.99, 2078.81, 4.04, 3148.51
60565.0, 6.96, 2085.77, 3.05, 3151.56
60566.0, 7.87, 2093.64, 2.11, 3153.66
60567.0, 8.69, 2102.33, 1.25, 3154.91
60568.0, 9.43, 2111.76, 0.49, 3155.41
60569.0, 9.89, 2121.65, 0.00, 3155.41
60570.0, 9.86, 2131.51, 0.00, 3155.41
60571.0, 9.83, 2141.34, 0.00, 3155.41
60574.0, 7.63, 2148.98, 2.11, 3157.51
60575.0, 6.44, 2155.41, 3.28, 3160.79
60576.0, 5.26, 2160.68, 4.42, 3165.21
60577.0, 4.16, 2164.84, 5.49, 3170.70
60578.0, 3.17, 2168.01, 6.45, 3177.15
60579.0, 0.00, 2168.01, 9.59, 3186.74
60580.0, 0.00, 2168.01, 9.56, 3196.30
60581.0, 0.00, 2168.01, 9.53, 3205.83
60582.0, 0.00, 2168.01, 9.50, 3215.33
60583.0, 0.00, 2168.01, 9.47, 3224.80
60584.0, 0.00, 2168.01, 9.44, 3234.24
60585.0, 0.00, 2168.01, 9.40, 3243.64
60586.0, 0.00, 2168.01, 9.37, 3253.01
60587.0, 0.00, 2168.01, 9.34, 3262.35
60588.0, 0.00, 2168.01, 9.31, 3271.66
60589.0, 0.00, 2168.01, 9.28, 3280.94
60590.0, 0.00, 2168.01, 9.25, 3290.19
60591.0, 0.00, 2168.01, 9.21, 3299.40
60592.0, 0.00, 2168.01, 9.18, 3308.58
60593.0, 5.46, 2173.47, 3.69, 3312.27
60594.0, 6.29, 2179.76, 2.83, 3315.09
60595.0, 7.03, 2186.79, 2.05, 3317.15
60596.0, 7.69, 2194.48, 1.36, 3318.51
60597.0, 8.28, 2202.76, 0.74, 3319.25
60598.0, 8.99, 2211.75, 0.00, 3319.25
60599.0, 8.95, 2220.70, 0.00, 3319.25
60600.0, 8.92, 2229.62, 0.00, 3319.25
60603.0, 7.05, 2236.67, 1.78, 3321.02
60604.0, 5.87, 2242.54, 2.92, 3323.95
60605.0, 4.79, 2247.32, 3.97, 3327.92
60606.0, 3.85, 2251.18, 4.87, 3332.79
60607.0, 3.07, 2254.24, 5.63, 3338.42
60608.0, 2.40, 2256.65, 6.26, 3344.67
60609.0, 0.00, 2256.65, 8.63, 3353.30
60610.0, 0.00, 2256.65, 8.59, 3361.90
60611.0, 0.00, 2256.65, 8.56, 3370.46
60612.0, 0.00, 2256.65, 8.53, 3378.99
60613.0, 0.00, 2256.65, 8.50, 3387.49
60614.0, 0.00, 2256.65, 8.47, 3395.95
60615.0, 0.00, 2256.65, 8.43, 3404.39
60616.0, 0.00, 2256.65, 8.40, 3412.79
60617.0, 0.00, 2256.65, 8.37, 3421.16
60618.0, 0.00, 2256.65, 8.34, 3429.50
60619.0, 0.00, 2256.65, 8.31, 3437.81
60620.0, 0.00, 2256.65, 8.28, 3446.09
60621.0, 0.00, 2256.65, 8.25, 3454.33
60622.0, 4.59, 2261.23, 3.63, 3457.96
60623.0, 5.25, 2266.48, 2.94, 3460.90
60624.0, 5.83, 2272.31, 2.32, 3463.22
60625.0, 6.38, 2278.69, 1.75, 3464.97
60626.0, 6.91, 2285.60, 1.19, 3466.16
60627.0, 7.45, 2293.04, 0.62, 3466.78
60628.0, 8.04, 2301.08, 0.00, 3466.78
60629.0, 8.01, 2309.09, 0.00, 3466.78
60632.0, 6.71, 2315.80, 1.22, 3468.00
60633.0, 5.68, 2321.48, 2.22, 3470.22
60634.0, 4.81, 2326.30, 3.06, 3473.28
60635.0, 4.09, 2330.39, 3.76, 3477.04
60636.0, 3.48, 2333.87, 4.35, 3481.39
60637.0, 2.96, 2336.82, 4.85, 3486.24
60638.0, 2.49, 2339.31, 5.29, 3491.53
60639.0, 0.00, 2339.31, 7.75, 3499.28
60640.0, 0.00, 2339.31, 7.73, 3507.02
60641.0, 0.00, 2339.31, 7.71, 3514.73
60642.0, 0.00, 2339.31, 7.69, 3522.42
60643.0, 0.00, 2339.31, 7.67, 3530.08
60644.0, 0.00, 2339.31, 7.65, 3537.73
60645.0, 0.00, 2339.31, 7.63, 3545.36
60646.0, 0.00, 2339.31, 7.61, 3552.98
60647.0, 0.00, 2339.31, 7.59, 3560.57
60648.0, 0.00, 2339.31, 7.58, 3568.15
60649.0, 0.00, 2339.31, 7.56, 3575.71
60650.0, 0.00, 2339.31, 7.55, 3583.26
60651.0, 0.00, 2339.31, 7.53, 3590.79
60652.0, 3.95, 2343.26, 3.57, 3594.36
60653.0, 4.47, 2347.73, 3.04, 3597.40
60654.0, 4.98, 2352.71, 2.51, 3599.91
60655.0, 5.53, 2358.24, 1.96, 3601.87
60656.0, 6.13, 2364.37, 1.35, 3603.21
60657.0, 6.82, 2371.19, 0.64, 3603.86
60658.0, 7.46, 2378.65, 0.00, 3603.86
60659.0, 7.45, 2386.11, 0.00, 3603.86
60662.0, 6.20, 2392.31, 1.23, 3605.09
60663.0, 5.55, 2397.86, 1.89, 3606.98
60664.0, 4.99, 2402.85, 2.44, 3609.42
60665.0, 4.51, 2407.36, 2.93, 3612.35
60666.0, 4.07, 2411.43, 3.37, 3615.71
60667.0, 3.65, 2415.07, 3.79, 3619.50
60668.0, 3.22, 2418.29, 4.22, 3623.72
60679.0, 0.00, 2418.29, 7.53, 3631.25
60680.0, 0.00, 2418.29, 7.54, 3638.79
60681.0, 2.83, 2421.12, 4.73, 3643.52
60682.0, 3.36, 2424.49, 4.21, 3647.72
60683.0, 3.94, 2428.43, 3.65, 3651.37
60684.0, 4.59, 2433.02, 3.01, 3654.38
60685.0, 5.35, 2438.37, 2.28, 3656.66
60686.0, 6.23, 2444.60, 1.42, 3658.07
60687.0, 7.22, 2451.82, 0.44, 3658.52
60688.0, 7.68, 2459.50, 0.00, 3658.52
60691.0, 7.75, 2467.25, 0.00, 3658.52
60692.0, 6.91, 2474.16, 0.87, 3659.38
60693.0, 6.45, 2480.61, 1.34, 3660.73
60694.0, 6.03, 2486.63, 1.79, 3662.52
60695.0, 5.61, 2492.25, 2.23, 3664.75
60696.0, 5.18, 2497.43, 2.69, 3667.44
60697.0, 4.72, 2502.15, 3.17, 3670.61
60698.0, 4.20, 2506.35, 3.72, 3674.33
60699.0, 0.00, 2506.35, 7.95, 3682.28
60700.0, 0.00, 2506.35, 7.98, 3690.26
60701.0, 0.00, 2506.35, 8.00, 3698.26
60702.0, 0.00, 2506.35, 8.03, 3706.30
60703.0, 0.00, 2506.35, 8.06, 3714.36
60704.0, 0.00, 2506.35, 8.09, 3722.45
60705.0, 0.00, 2506.35, 8.12, 3730.57
60706.0, 0.00, 2506.35, 8.15, 3738.72
60707.0, 0.00, 2506.35, 8.18, 3746.90
60708.0, 0.00, 2506.35, 8.21, 3755.11
60709.0, 0.00, 2506.35, 8.24, 3763.35
60710.0, 2.18, 2508.53, 6.09, 3769.45
60711.0, 2.82, 2511.36, 5.48, 3774.93
60712.0, 3.55, 2514.90, 4.79, 3779.72
60713.0, 4.38, 2519.29, 3.98, 3783.70
60714.0, 5.33, 2524.62, 3.07, 3786.77
60715.0, 6.37, 2531.00, 2.06, 3788.82
60716.0, 7.45, 2538.45, 1.01, 3789.83
60717.0, 8.50, 2546.95, 0.00, 3789.83
60718.0, 8.53, 2555.48, 0.00, 3789.83
60721.0, 8.63, 2564.11, 0.00, 3789.83
60722.0, 8.06, 2572.16, 0.60, 3790.44
60723.0, 7.63, 2579.80, 1.06, 3791.50
60724.0, 7.19, 2586.98, 1.54, 3793.04
60725.0, 6.69, 2593.67, 2.07, 3795.11
60726.0, 6.13, 2599.80, 2.66, 3797.77
60727.0, 5.47, 2605.28, 3.35, 3801.12
60728.0, 0.00, 2605.28, 8.86, 3809.98
60729.0, 0.00, 2605.28, 8.89, 3818.87
60730.0, 0.00, 2605.28, 8.93, 3827.80
60731.0, 0.00, 2605.28, 8.96, 3836.76
60732.0, 0.00, 2605.28, 8.99, 3845.75
60733.0, 0.00, 2605.28, 9.03, 3854.78
60734.0, 0.00, 2605.28, 9.06, 3863.83
60735.0, 0.00, 2605.28, 9.09, 3872.92
60736.0, 0.00, 2605.28, 9.12, 3882.05
60737.0, 0.00, 2605.28, 9.16, 3891.21
60738.0, 0.00, 2605.28, 9.19, 3900.39
60739.0, 0.00, 2605.28, 9.22, 3909.62
60740.0, 2.81, 2608.09, 6.44, 3916.06
60741.0, 3.74, 2611.84, 5.54, 3921.60
60742.0, 4.76, 2616.60, 4.56, 3926.16
60743.0, 5.83, 2622.43, 3.52, 3929.68
60744.0, 6.90, 2629.33, 2.48, 3932.16
60745.0, 7.94, 2637.27, 1.48, 3933.64
60746.0, 8.93, 2646.20, 0.52, 3934.15
60747.0, 9.48, 2655.68, 0.00, 3934.15
60750.0, 9.57, 2665.26, 0.00, 3934.15
60751.0, 9.60, 2674.86, 0.00, 3934.15
60752.0, 9.03, 2683.89, 0.61, 3934.76
60753.0, 8.49, 2692.38, 1.17, 3935.93
60754.0, 7.88, 2700.26, 1.82, 3937.76
60755.0, 7.16, 2707.41, 2.57, 3940.33
60756.0, 6.33, 2713.74, 3.43, 3943.75
60757.0, 5.39, 2719.14, 4.40, 3948.15
60758.0, 0.00, 2719.14, 9.82, 3957.97
60759.0, 0.00, 2719.14, 9.85, 3967.82
60760.0, 0.00, 2719.14, 9.88, 3977.69
60761.0, 0.00, 2719.14, 9.91, 3987.60
60762.0, 0.00, 2719.14, 9.94, 3997.54
60763.0, 0.00, 2719.14, 9.97, 4007.50
60764.0, 0.00, 2719.14, 9.99, 4017.50
60765.0, 0.00, 2719.14, 10.02, 4027.52
60766.0, 0.00, 2719.14, 10.05, 4037.57
60767.0, 0.00, 2719.14, 10.08, 4047.65
60768.0, 0.00, 2719.14, 10.11, 4057.76
60769.0, 3.17, 2722.30, 6.97, 4064.73
60770.0, 4.24, 2726.55, 5.92, 4070.65
60771.0, 5.33, 2731.87, 4.86, 4075.51
60772.0, 6.38, 2738.25, 3.84, 4079.36
60773.0, 7.37, 2745.62, 2.87, 4082.23
60774.0, 8.33, 2753.95, 1.95, 4084.17
60775.0, 9.24, 2763.20, 1.05, 4085.23
60776.0, 10.33, 2773.52, 0.00, 4085.23
60777.0, 10.35, 2783.87, 0.00, 4085.23
60780.0, 10.43, 2794.30, 0.00, 4085.23
60781.0, 10.45, 2804.75, 0.00, 4085.23
60782.0, 9.45, 2814.21, 1.02, 4086.25
60783.0, 8.67, 2822.88, 1.83, 4088.08
60784.0, 7.78, 2830.66, 2.75, 4090.83
60785.0, 6.81, 2837.46, 3.74, 4094.58
60786.0, 5.78, 2843.24, 4.80, 4099.37
60787.0, 4.72, 2847.96, 5.88, 4105.25
60788.0, 0.00, 2847.96, 10.62, 4115.87
60789.0, 0.00, 2847.96, 10.65, 4126.52
60790.0, 0.00, 2847.96, 10.67, 4137.19
60791.0, 0.00, 2847.96, 10.69, 4147.88
60792.0, 0.00, 2847.96, 10.71, 4158.59
60793.0, 0.00, 2847.96, 10.73, 4169.32
60794.0, 0.00, 2847.96, 10.76, 4180.08
60795.0, 0.00, 2847.96, 10.78, 4190.86
60796.0, 0.00, 2847.96, 10.80, 4201.66
60797.0, 0.00, 2847.96, 10.82, 4212.48
60798.0, 0.00, 2847.96, 10.84, 4223.32
60799.0, 4.64, 2852.61, 6.22, 4229.53
60800.0, 5.67, 2858.28, 5.21, 4234.74
60801.0, 6.64, 2864.92, 4.26, 4239.00
60802.0, 7.56, 2872.48, 3.36, 4242.36
60803.0, 8.45, 2880.93, 2.48, 4244.84
60804.0, 9.34, 2890.27, 1.62, 4246.46
60805.0, 10.23, 2900.50, 0.74, 4247.20
60806.0, 10.99, 2911.50, 0.00, 4247.20
60807.0, 11.01, 2922.51, 0.00, 4247.20
60810.0, 11.06, 2933.57, 0.00, 4247.20
60811.0, 10.08, 2943.65, 0.99, 4248.20
60812.0, 9.14, 2952.79, 1.95, 4250.15
60813.0, 8.13, 2960.92, 2.97, 4253.12
60814.0, 7.11, 2968.02, 4.02, 4257.14
60815.0, 6.07, 2974.10, 5.07, 4262.20
60816.0, 5.04, 2979.13, 6.11, 4268.32
60817.0, 0.00, 2979.13, 11.16, 4279.48
60818.0, 0.00, 2979.13, 11.18, 4290.66
60819.0, 0.00, 2979.13, 11.19, 4301.85
60820.0, 0.00, 2979.13, 11.20, 4313.05
60821.0, 0.00, 2979.13, 11.22, 4324.27
60822.0, 0.00, 2979.13, 11.23, 4335.50
60823.0, 0.00, 2979.13, 11.24, 4346.74
60824.0, 0.00, 2979.13, 11.25, 4357.99
60825.0, 0.00, 2979.13, 11.26, 4369.24
60826.0, 0.00, 2979.13, 11.27, 4380.51
60827.0, 0.00, 2979.13, 11.28, 4391.79
60828.0, 4.66, 2983.80, 6.63, 4398.42
60829.0, 5.61, 2989.41, 5.69, 4404.11
60830.0, 6.51, 2995.92, 4.79, 4408.90
60831.0, 7.39, 3003.31, 3.92, 4412.82
60832.0, 8.28, 3011.59, 3.05, 4415.87
60833.0, 9.17, 3020.76, 2.16, 4418.02
60834.0, 10.09, 3030.85, 1.24, 4419.26
60835.0, 11.34, 3042.19, 0.00, 4419.26
60836.0, 11.35, 3053.54, 0.00, 4419.26
60837.0, 11.35, 3064.89, 0.00, 4419.26
60840.0, 10.42, 3075.31, 0.94, 4420.20
60841.0, 9.39, 3084.70, 1.97, 4422.17
60842.0, 8.36, 3093.06, 3.01, 4425.18
60843.0, 7.33, 3100.40, 4.04, 4429.22
60844.0, 6.31, 3106.71, 5.06, 4434.28
60845.0, 5.28, 3111.99, 6.09, 4440.36
60846.0, 0.00, 3111.99, 11.37, 4451.74
60847.0, 0.00, 3111.99, 11.37, 4463.11
60848.0, 0.00, 3111.99, 11.37, 4474.49
60849.0, 0.00, 3111.99, 11.37, 4485.86
60850.0, 0.00, 3111.99, 11.37, 4497.23
60851.0, 0.00, 3111.99, 11.37, 4508.60
60852.0, 0.00, 3111.99, 11.37, 4519.97
60853.0, 0.00, 3111.99, 11.36, 4531.33
60854.0, 0.00, 3111.99, 11.36, 4542.69
60855.0, 0.00, 3111.99, 11.36, 4554.05
60856.0, 0.00, 3111.99, 11.35, 4565.40
60857.0, 0.00, 3111.99, 11.35, 4576.75
60858.0, 5.18, 3117.18, 6.16, 4582.91
60859.0, 6.07, 3123.24, 5.27, 4588.19
60860.0, 6.95, 3130.20, 4.38, 4592.56
60861.0, 7.86, 3138.06, 3.46, 4596.03
60862.0, 8.80, 3146.86, 2.52, 4598.55
60863.0, 9.75, 3156.61, 1.56, 4600.11
60864.0, 10.70, 3167.31, 0.60, 4600.71
60865.0, 11.30, 3178.60, 0.00, 4600.71
60866.0, 11.29, 3189.89, 0.00, 4600.71
60869.0, 10.51, 3200.40, 0.75, 4601.47
60870.0, 9.46, 3209.86, 1.79, 4603.26
60871.0, 8.42, 3218.28, 2.82, 4606.07
60872.0, 7.39, 3225.67, 3.84, 4609.91
60873.0, 6.34, 3232.00, 4.88, 4614.79
60874.0, 5.25, 3237.26, 5.95, 4620.74
60875.0, 0.00, 3237.26, 11.19, 4631.92
60876.0, 0.00, 3237.26, 11.18, 4643.10
60877.0, 0.00, 3237.26, 11.16, 4654.27
60878.0, 0.00, 3237.26, 11.15, 4665.42
60879.0, 0.00, 3237.26, 11.14, 4676.55
60880.0, 0.00, 3237.26, 11.12, 4687.67
60881.0, 0.00, 3237.26, 11.11, 4698.78
60882.0, 0.00, 3237.26, 11.09, 4709.87
60883.0, 0.00, 3237.26, 11.08, 4720.95
60884.0, 0.00, 3237.26, 11.06, 4732.01
60885.0, 0.00, 3237.26, 11.04, 4743.05
60886.0, 0.00, 3237.26, 11.03, 4754.08
60887.0, 4.60, 3241.86, 6.41, 4760.48
60888.0, 5.51, 3247.37, 5.49, 4765.97
60889.0, 6.43, 3253.80, 4.55, 4770.52
60890.0, 7.37, 3261.17, 3.58, 4774.10
60891.0, 8.32, 3269.49, 2.62, 4776.72
60892.0, 9.25, 3278.75, 1.67, 4778.38
60893.0, 10.13, 3288.88, 0.77, 4779.15
60894.0, 10.88, 3299.76, 0.00, 4779.15
60895.0, 10.86, 3310.62, 0.00, 4779.15
60896.0, 10.84, 3321.47, 0.00, 4779.15
60899.0, 9.28, 3330.75, 1.50, 4780.65
60900.0, 8.21, 3338.95, 2.55, 4783.20
60901.0, 7.11, 3346.07, 3.63, 4786.83
60902.0, 5.98, 3352.05, 4.73, 4791.56
60903.0, 4.82, 3356.87, 5.87, 4797.43
60904.0, 3.65, 3360.52, 7.02, 4804.46
60905.0, 0.00, 3360.52, 10.65, 4815.11
60906.0, 0.00, 3360.52, 10.63, 4825.73
60907.0, 0.00, 3360.52, 10.60, 4836.34
60908.0, 0.00, 3360.52, 10.58, 4846.92
60909.0, 0.00, 3360.52, 10.56, 4857.48
60910.0, 0.00, 3360.52, 10.53, 4868.01
60911.0, 0.00, 3360.52, 10.51, 4878.52
60912.0, 0.00, 3360.52, 10.49, 4889.01
60913.0, 0.00, 3360.52, 10.46, 4899.47
60914.0, 0.00, 3360.52, 10.44, 4909.90
60915.0, 0.00, 3360.52, 10.41, 4920.32
60916.0, 0.00, 3360.52, 10.39, 4930.70
60917.0, 4.98, 3365.51, 5.38, 4936.08
60918.0, 5.93, 3371.43, 4.41, 4940.49
60919.0, 6.86, 3378.30, 3.45, 4943.93
60920.0, 7.75, 3386.05, 2.53, 4946.46
60921.0, 8.58, 3394.63, 1.68, 4948.14
60922.0, 9.33, 3403.96, 0.90, 4949.04
60923.0, 10.20, 3414.16, 0.00, 4949.04
60924.0, 10.18, 3424.34, 0.00, 4949.04
60925.0, 10.15, 3434.49, 0.00, 4949.04
60928.0, 8.85, 3443.34, 1.21, 4950.26
60929.0, 7.70, 3451.04, 2.34, 4952.60
60930.0, 6.51, 3457.54, 3.50, 4956.11
60931.0, 5.31, 3462.85, 4.67, 4960.78
60932.0, 4.15, 3467.00, 5.81, 4966.59
60933.0, 3.08, 3470.08, 6.84, 4973.43
60934.0, 0.00, 3470.08, 9.90, 4983.33
60935.0, 0.00, 3470.08, 9.87, 4993.19
60936.0, 0.00, 3470.08, 9.84, 5003.03
60937.0, 0.00, 3470.08, 9.81, 5012.84
60938.0, 0.00, 3470.08, 9.78, 5022.62
60939.0, 0.00, 3470.08, 9.75, 5032.37
60940.0, 0.00, 3470.08, 9.72, 5042.09
60941.0, 0.00, 3470.08, 9.69, 5051.78
60942.0, 0.00, 3470.08, 9.66, 5061.44
60943.0, 0.00, 3470.08, 9.63, 5071.07
60944.0, 0.00, 3470.08, 9.60, 5080.66
60945.0, 0.00, 3470.08, 9.57, 5090.23
60946.0, 0.00, 3470.08, 9.54, 5099.77
60947.0, 5.36, 3475.44, 4.15, 5103.91
60948.0, 6.20, 3481.64, 3.28, 5107.19
60949.0, 6.96, 3488.60, 2.48, 5109.68
60950.0, 7.64, 3496.24, 1.77, 5111.45
60951.0, 8.25, 3504.49, 1.13, 5112.58
60952.0, 8.82, 3513.30, 0.53, 5113.11
60953.0, 9.32, 3522.62, 0.00, 5113.11
60954.0, 9.29, 3531.91, 0.00, 5113.11
60957.0, 8.25, 3540.16, 0.94, 5114.05
60958.0, 7.01, 3547.16, 2.15, 5116.20
60959.0, 5.78, 3552.95, 3.34, 5119.54
60960.0, 4.65, 3557.59, 4.44, 5123.98
60961.0, 3.65, 3561.25, 5.41, 5129.39
60962.0, 2.81, 3564.06, 6.22, 5135.61
60963.0, 0.00, 3564.06, 8.99, 5144.60
60964.0, 0.00, 3564.06, 8.96, 5153.56
60965.0, 0.00, 3564.06, 8.93, 5162.49
60966.0, 0.00, 3564.06, 8.90, 5171.39
60967.0, 0.00, 3564.06, 8.86, 5180.25
60968.0, 0.00, 3564.06, 8.83, 5189.09
60969.0, 0.00, 3564.06, 8.80, 5197.88
60970.0, 0.00, 3564.06, 8.77, 5206.65
60971.0, 0.00, 3564.06, 8.73, 5215.38
60972.0, 0.00, 3564.06, 8.70, 5224.08
60973.0, 0.00, 3564.06, 8.67, 5232.75
60974.0, 0.00, 3564.06, 8.64, 5241.38
60975.0, 0.00, 3564.06, 8.60, 5249.99
60976.0, 0.00, 3564.06, 8.57, 5258.56
60977.0, 5.21, 3569.27, 3.32, 5261.88
60978.0, 5.83, 3575.10, 2.68, 5264.56
60979.0, 6.39, 3581.49, 2.09, 5266.64
60980.0, 6.91, 3588.40, 1.53, 5268.17
60981.0, 7.43, 3595.83, 0.98, 5269.15
60982.0, 7.96, 3603.78, 0.42, 5269.58
60983.0, 8.35, 3612.13, 0.00, 5269.58
60984.0, 8.32, 3620.44, 0.00, 5269.58
60987.0, 6.46, 3626.90, 1.76, 5271.34
60988.0, 5.37, 3632.27, 2.83, 5274.17
60989.0, 4.44, 3636.71, 3.72, 5277.89
60990.0, 3.67, 3640.38, 4.46, 5282.36
60991.0, 3.03, 3643.41, 5.07, 5287.43
60992.0, 2.48, 3645.89, 5.60, 5293.02
60993.0, 0.00, 3645.89, 8.05, 5301.07
60994.0, 0.00, 3645.89, 8.02, 5309.09
60995.0, 0.00, 3645.89, 7.99, 5317.08
60996.0, 0.00, 3645.89, 7.96, 5325.04
60997.0, 0.00, 3645.89, 7.94, 5332.97
60998.0, 0.00, 3645.89, 7.91, 5340.88
60999.0, 0.00, 3645.89, 7.88, 5348.76
61000.0, 0.00, 3645.89, 7.86, 5356.62
61001.0, 0.00, 3645.89, 7.83, 5364.45
61002.0, 0.00, 3645.89, 7.81, 5372.26
61003.0, 0.00, 3645.89, 7.78, 5380.04
61004.0, 0.00, 3645.89, 7.76, 5387.80
61005.0, 0.00, 3645.89, 7.74, 5395.54
61006.0, 3.92, 3649.81, 3.79, 5399.34
61007.0, 4.44, 3654.25, 3.26, 5402.59
61008.0, 4.93, 3659.18, 2.74, 5405.33
61009.0, 5.43, 3664.61, 2.22, 5407.56
61010.0, 5.96, 3670.57, 1.67, 5409.23
61011.0, 6.55, 3677.12, 1.06, 5410.29
61012.0, 7.60, 3684.72, 0.00, 5410.29
61013.0, 7.58, 3692.31, 0.00, 5410.29
61016.0, 6.50, 3698.80, 1.04, 5411.33
61017.0, 5.64, 3704.44, 1.88, 5413.21
61018.0, 4.94, 3709.38, 2.57, 5415.79
61019.0, 4.35, 3713.73, 3.15, 5418.94
61020.0, 3.84, 3717.56, 3.65, 5422.59
61021.0, 3.37, 3720.93, 4.11, 5426.70
61022.0, 2.92, 3723.85, 4.55, 5431.25
61023.0, 0.00, 3723.85, 7.46, 5438.71
61024.0, 0.00, 3723.85, 7.45, 5446.17
61025.0, 0.00, 3723.85, 7.45, 5453.61
61026.0, 0.00, 3723.85, 7.44, 5461.06
61027.0, 0.00, 3723.85, 7.44, 5468.50
61028.0, 0.00, 3723.85, 7.44, 5475.93
61029.0, 0.00, 3723.85, 7.43, 5483.37
61030.0, 0.00, 3723.85, 7.43, 5490.80
61031.0, 0.00, 3723.85, 7.43, 5498.24
61032.0, 0.00, 3723.85, 7.44, 5505.67
61033.0, 0.00, 3723.85, 7.44, 5513.11
61036.0, 3.12, 3726.98, 4.33, 5517.43
61037.0, 3.63, 3730.61, 3.83, 5521.26
61038.0, 4.18, 3734.79, 3.28, 5524.54
61039.0, 4.81, 3739.60, 2.66, 5527.20
61040.0, 5.56, 3745.16, 1.92, 5529.12
61041.0, 6.46, 3751.62, 1.03, 5530.15
61042.0, 7.50, 3759.12, 0.00, 5530.15
61043.0, 7.51, 3766.63, 0.00, 5530.15
61046.0, 6.69, 3773.32, 0.87, 5531.01
61047.0, 6.14, 3779.46, 1.43, 5532.44
61048.0, 5.65, 3785.11, 1.93, 5534.38
61049.0, 5.20, 3790.31, 2.40, 5536.78
61050.0, 4.75, 3795.06, 2.87, 5539.65
61051.0, 4.29, 3799.35, 3.35, 5543.00
61052.0, 0.00, 3799.35, 7.66, 5550.65
61053.0, 0.00, 3799.35, 7.68, 5558.33
61054.0, 0.00, 3799.35, 7.70, 5566.03
61055.0, 0.00, 3799.35, 7.72, 5573.75
61056.0, 0.00, 3799.35, 7.74, 5581.49
61057.0, 0.00, 3799.35, 7.77, 5589.26
61058.0, 0.00, 3799.35, 7.79, 5597.05
61059.0, 0.00, 3799.35, 7.81, 5604.86
61060.0, 0.00, 3799.35, 7.84, 5612.70
61061.0, 0.00, 3799.35, 7.86, 5620.56
61062.0, 0.00, 3799.35, 7.89, 5628.45
61063.0, 0.00, 3799.35, 7.92, 5636.37
61064.0, 0.00, 3799.35, 7.94, 5644.31
61065.0, 2.28, 3801.63, 5.69, 5650.00
61066.0, 2.88, 3804.50, 5.12, 5655.13
61067.0, 3.57, 3808.07, 4.46, 5659.58
61068.0, 4.39, 3812.46, 3.67, 5663.25
61069.0, 5.36, 3817.82, 2.73, 5665.98
61070.0, 6.46, 3824.28, 1.66, 5667.63
61071.0, 7.64, 3831.91, 0.51, 5668.14
61072.0, 8.17, 3840.08, 0.00, 5668.14
61075.0, 8.27, 3848.35, 0.00, 5668.14
61076.0, 7.69, 3856.04, 0.60, 5668.75
61077.0, 7.24, 3863.28, 1.09, 5669.84
61078.0, 6.77, 3870.05, 1.59, 5671.42
61079.0, 6.29, 3876.34, 2.10, 5673.53
61080.0, 5.75, 3882.10, 2.67, 5676.20
61081.0, 5.15, 3887.25, 3.30, 5679.50
61082.0, 0.00, 3887.25, 8.49, 5687.99
61083.0, 0.00, 3887.25, 8.52, 5696.51
61084.0, 0.00, 3887.25, 8.55, 5705.07
61085.0, 0.00, 3887.25, 8.59, 5713.65
61086.0, 0.00, 3887.25, 8.62, 5722.27
61087.0, 0.00, 3887.25, 8.65, 5730.93
61088.0, 0.00, 3887.25, 8.69, 5739.61
61089.0, 0.00, 3887.25, 8.72, 5748.33
61090.0, 0.00, 3887.25, 8.75, 5757.08
61091.0, 0.00, 3887.25, 8.79, 5765.87
61092.0, 0.00, 3887.25, 8.82, 5774.69
61093.0, 0.00, 3887.25, 8.85, 5783.54
61094.0, 0.00, 3887.25, 8.88, 5792.42
61095.0, 2.76, 3890.01, 6.16, 5798.58
61096.0, 3.67, 3893.67, 5.28, 5803.87
61097.0, 4.70, 3898.38, 4.28, 5808.15
61098.0, 5.83, 3904.21, 3.18, 5811.33
61099.0, 7.00, 3911.21, 2.05, 5813.38
61100.0, 8.14, 3919.35, 0.94, 5814.32
61101.0, 9.12, 3928.47, 0.00, 5814.32
61102.0, 9.15, 3937.62, 0.00, 5814.32
61103.0, 9.18, 3946.80, 0.00, 5814.32
61106.0, 8.71, 3955.51, 0.57, 5814.89
61107.0, 8.19, 3963.69, 1.13, 5816.02
61108.0, 7.60, 3971.30, 1.74, 5817.76
61109.0, 6.95, 3978.24, 2.43, 5820.19
61110.0, 6.20, 3984.45, 3.21, 5823.39
61111.0, 5.37, 3989.81, 4.07, 5827.47
61112.0, 0.00, 3989.81, 9.47, 5836.94
61113.0, 0.00, 3989.81, 9.50, 5846.44
61114.0, 0.00, 3989.81, 9.53, 5855.98
61115.0, 0.00, 3989.81, 9.57, 5865.54
61116.0, 0.00, 3989.81, 9.60, 5875.14
61117.0, 0.00, 3989.81, 9.63, 5884.77
61118.0, 0.00, 3989.81, 9.66, 5894.43
61119.0, 0.00, 3989.81, 9.69, 5904.12
61120.0, 0.00, 3989.81, 9.72, 5913.84
61121.0, 0.00, 3989.81, 9.75, 5923.59
61122.0, 0.00, 3989.81, 9.78, 5933.37
61123.0, 0.00, 3989.81, 9.81, 5943.18
61124.0, 3.15, 3992.96, 6.70, 5949.88
61125.0, 4.25, 3997.21, 5.62, 5955.50
61126.0, 5.39, 4002.60, 4.51, 5960.00
61127.0, 6.53, 4009.13, 3.40, 5963.41
61128.0, 7.61, 4016.74, 2.35, 5965.75
61129.0, 8.65, 4025.39, 1.34, 5967.09
61130.0, 10.02, 4035.41, 0.00, 5967.09
61131.0, 10.04, 4045.45, 0.00, 5967.09
61134.0, 10.13, 4055.58, 0.00, 5967.09
61135.0, 10.16, 4065.74, 0.00, 5967.09
61136.0, 9.29, 4075.03, 0.89, 5967.98
61137.0, 8.58, 4083.61, 1.64, 5969.62
61138.0, 7.78, 4091.38, 2.46, 5972.08
61139.0, 6.90, 4098.28, 3.37, 5975.45
61140.0, 5.96, 4104.24, 4.33, 5979.78
61141.0, 4.99, 4109.23, 5.33, 5985.11
61142.0, 0.00, 4109.23, 10.34, 5995.45
61143.0, 0.00, 4109.23, 10.37, 6005.82
61144.0, 0.00, 4109.23, 10.40, 6016.22
61145.0, 0.00, 4109.23, 10.42, 6026.64
61146.0, 0.00, 4109.23, 10.45, 6037.09
61147.0, 0.00, 4109.23, 10.47, 6047.56
61148.0, 0.00, 4109.23, 10.50, 6058.06
61149.0, 0.00, 4109.23, 10.52, 6068.58
61150.0, 0.00, 4109.23, 10.55, 6079.12
61151.0, 0.00, 4109.23, 10.57, 6089.69
61152.0, 0.00, 4109.23, 10.59, 6100.29
61153.0, 3.74, 4112.97, 6.88, 6107.17
61154.0, 4.88, 4117.85, 5.76, 6112.93
61155.0, 5.98, 4123.83, 4.68, 6117.61
61156.0, 7.02, 4130.84, 3.67, 6121.28
61157.0, 8.01, 4138.85, 2.70, 6123.98
61158.0, 8.96, 4147.82, 1.76, 6125.74
61159.0, 9.91, 4157.73, 0.84, 6126.59
61160.0, 10.77, 4168.50, 0.00, 6126.59
61161.0, 10.79, 4179.29, 0.00, 6126.59
61164.0, 10.86, 4190.15, 0.00, 6126.59
61165.0, 10.10, 4200.24, 0.78, 6127.36
61166.0, 9.25, 4209.49, 1.65, 6129.01
61167.0, 8.33, 4217.82, 2.58, 6131.59
61168.0, 7.39, 4225.21, 3.54, 6135.14
61169.0, 6.43, 4231.64, 4.52, 6139.66
61170.0, 5.47, 4237.11, 5.50, 6145.16
61171.0, 0.00, 4237.11, 10.99, 6156.15
61172.0, 0.00, 4237.11, 11.01, 6167.15
61173.0, 0.00, 4237.11, 11.02, 6178.18
61174.0, 0.00, 4237.11, 11.04, 6189.22
61175.0, 0.00, 4237.11, 11.06, 6200.27
61176.0, 0.00, 4237.11, 11.07, 6211.35
61177.0, 0.00, 4237.11, 11.09, 6222.43
61178.0, 0.00, 4237.11, 11.10, 6233.54
61179.0, 0.00, 4237.11, 11.12, 6244.66
61180.0, 0.00, 4237.11, 11.13, 6255.79
61181.0, 0.00, 4237.11, 11.15, 6266.94
61182.0, 0.00, 4237.11, 11.16, 6278.10
61183.0, 5.17, 4242.28, 6.00, 6284.10
61184.0, 6.18, 4248.46, 5.01, 6289.11
61185.0, 7.14, 4255.60, 4.06, 6293.17
61186.0, 8.07, 4263.67, 3.14, 6296.31
61187.0, 9.00, 4272.67, 2.22, 6298.53
61188.0, 9.94, 4282.61, 1.30, 6299.83
61189.0, 11.25, 4293.86, 0.00, 6299.83
61190.0, 11.26, 4305.11, 0.00, 6299.83
61193.0, 11.29, 4316.40, 0.00, 6299.83
61194.0, 10.65, 4327.05, 0.65, 6300.48
61195.0, 9.71, 4336.75, 1.59, 6302.08
61196.0, 8.76, 4345.51, 2.55, 6304.63
61197.0, 7.81, 4353.32, 3.51, 6308.14
61198.0, 6.86, 4360.18, 4.46, 6312.61
61199.0, 5.91, 4366.10, 5.42, 6318.02
61200.0, 4.95, 4371.04, 6.39, 6324.41
61201.0, 0.00, 4371.04, 11.34, 6335.76
61202.0, 0.00, 4371.04, 11.35, 6347.11
61203.0, 0.00, 4371.04, 11.35, 6358.46
61204.0, 0.00, 4371.04, 11.36, 6369.82
61205.0, 0.00, 4371.04, 11.36, 6381.18
61206.0, 0.00, 4371.04, 11.36, 6392.54
61207.0, 0.00, 4371.04, 11.37, 6403.91
61208.0, 0.00, 4371.04, 11.37, 6415.28
61209.0, 0.00, 4371.04, 11.37, 6426.65
61210.0, 0.00, 4371.04, 11.37, 6438.02
61211.0, 0.00, 4371.04, 11.37, 6449.40
61212.0, 5.02, 4376.06, 6.35, 6455.75
61213.0, 5.97, 4382.04, 5.40, 6461.15
61214.0, 6.91, 4388.95, 4.47, 6465.61
61215.0, 7.84, 4396.78, 3.54, 6469.15
61216.0, 8.77, 4405.55, 2.60, 6471.75
61217.0, 9.71, 4415.27, 1.65, 6473.40
61218.0, 10.65, 4425.92, 0.71, 6474.12
61219.0, 11.36, 4437.28, 0.00, 6474.12
61220.0, 11.36, 4448.64, 0.00, 6474.12
61223.0, 11.35, 4459.98, 0.00, 6474.12
61224.0, 10.00, 4469.98, 1.34, 6475.46
61225.0, 9.04, 4479.02, 2.29, 6477.75
61226.0, 8.10, 4487.12, 3.23, 6480.98
61227.0, 7.15, 4494.28, 4.17, 6485.15
61228.0, 6.18, 4500.45, 5.14, 6490.29
61229.0, 5.16, 4505.61, 6.15, 6496.43
61230.0, 0.00, 4505.61, 11.30, 6507.73
61231.0, 0.00, 4505.61, 11.29, 6519.02
61232.0, 0.00, 4505.61, 11.28, 6530.30
61233.0, 0.00, 4505.61, 11.27, 6541.57
61234.0, 0.00, 4505.61, 11.26, 6552.83
61235.0, 0.00, 4505.61, 11.25, 6564.08
61236.0, 0.00, 4505.61, 11.24, 6575.32
61237.0, 0.00, 4505.61, 11.23, 6586.55
61238.0, 0.00, 4505.61, 11.22, 6597.77
61239.0, 0.00, 4505.61, 11.21, 6608.97
61240.0, 0.00, 4505.61, 11.19, 6620.17
61241.0, 4.59, 4510.20, 6.59, 6626.76
61242.0, 5.53, 4515.73, 5.63, 6632.39
61243.0, 6.48, 4522.21, 4.68, 6637.07
61244.0, 7.42, 4529.64, 3.71, 6640.78
61245.0, 8.37, 4538.00, 2.76, 6643.54
61246.0, 9.28, 4547.28, 1.83, 6645.37
61247.0, 10.15, 4557.43, 0.94, 6646.31
61248.0, 11.08, 4568.51, 0.00, 6646.31
61249.0, 11.06, 4579.58, 0.00, 6646.31
61250.0, 11.05, 4590.62, 0.00, 6646.31
61253.0, 10.04, 4600.67, 0.95, 6647.27
61254.0, 9.08, 4609.75, 1.90, 6649.16
61255.0, 8.11, 4617.86, 2.85, 6652.01
61256.0, 7.11, 4624.97, 3.84, 6655.85
61257.0, 6.05, 4631.02, 4.87, 6660.72
61258.0, 4.95, 4635.97, 5.96, 6666.68
61259.0, 3.79, 4639.76, 7.10, 6673.77
61260.0, 0.00, 4639.76, 10.87, 6684.64
61261.0, 0.00, 4639.76, 10.85, 6695.49
61262.0, 0.00, 4639.76, 10.83, 6706.32
61263.0, 0.00, 4639.76, 10.81, 6717.12
61264.0, 0.00, 4639.76, 10.79, 6727.91
61265.0, 0.00, 4639.76, 10.76, 6738.67
61266.0, 0.00, 4639.76, 10.74, 6749.42
61267.0, 0.00, 4639.76, 10.72, 6760.14
61268.0, 0.00, 4639.76, 10.70, 6770.84
61269.0, 0.00, 4639.76, 10.68, 6781.52
61270.0, 0.00, 4639.76, 10.66, 6792.17
61271.0, 5.05, 4644.81, 5.58, 6797.76
61272.0, 6.01, 4650.81, 4.60, 6802.36
61273.0, 6.94, 4657.76, 3.65, 6806.01
61274.0, 7.83, 4665.59, 2.73, 6808.74
61275.0, 8.66, 4674.24, 1.88, 6810.62
61276.0, 9.40, 4683.64, 1.12, 6811.74
61277.0, 10.06, 4693.71, 0.43, 6812.17
61278.0, 10.47, 4704.17, 0.00, 6812.17
61279.0, 10.44, 4714.62, 0.00, 6812.17
61282.0, 9.83, 4724.45, 0.54, 6812.70
61283.0, 8.81, 4733.26, 1.53, 6814.23
61284.0, 7.76, 4741.02, 2.56, 6816.79
61285.0, 6.66, 4747.68, 3.63, 6820.42
61286.0, 5.52, 4753.19, 4.75, 6825.17
61287.0, 4.36, 4757.55, 5.88, 6831.04
61288.0, 3.25, 4760.80, 6.96, 6838.00
61289.0, 0.00, 4760.80, 10.18, 6848.19
61290.0, 0.00, 4760.80, 10.16, 6858.34
61291.0, 0.00, 4760.80, 10.13, 6868.47
61292.0, 0.00, 4760.80, 10.10, 6878.57
61293.0, 0.00, 4760.80, 10.07, 6888.65
61294.0, 0.00, 4760.80, 10.05, 6898.69
61295.0, 0.00, 4760.80, 10.02, 6908.71
61296.0, 0.00, 4760.80, 9.99, 6918.70
61297.0, 0.00, 4760.80, 9.96, 6928.66
61298.0, 0.00, 4760.80, 9.93, 6938.59
61299.0, 0.00, 4760.80, 9.90, 6948.50
61300.0, 0.00, 4760.80, 9.87, 6958.37
61301.0, 5.46, 4766.27, 4.38, 6962.75
61302.0, 6.32, 4772.58, 3.50, 6966.26
61303.0, 7.09, 4779.67, 2.70, 6968.95
61304.0, 7.78, 4787.45, 1.98, 6970.93
61305.0, 8.39, 4795.84, 1.33, 6972.27
61306.0, 8.95, 4804.79, 0.75, 6973.02
61307.0, 9.67, 4814.45, 0.00, 6973.02
61308.0, 9.64, 4824.09, 0.00, 6973.02
61309.0, 9.61, 4833.69, 0.00, 6973.02
61312.0, 8.28, 4841.98, 1.23, 6974.25
61313.0, 7.12, 4849.10, 2.36, 6976.61
61314.0, 5.95, 4855.05, 3.50, 6980.11
61315.0, 4.81, 4859.86, 4.61, 6984.72
61316.0, 3.77, 4863.62, 5.62, 6990.34
61317.0, 2.85, 4866.47, 6.51, 6996.85
61318.0, 0.00, 4866.47, 9.32, 7006.17
61319.0, 0.00, 4866.47, 9.29, 7015.47
61320.0, 0.00, 4866.47, 9.26, 7024.73
61321.0, 0.00, 4866.47, 9.23, 7033.96
61322.0, 0.00, 4866.47, 9.20, 7043.15
61323.0, 0.00, 4866.47, 9.16, 7052.32
61324.0, 0.00, 4866.47, 9.13, 7061.45
61325.0, 0.00, 4866.47, 9.10, 7070.55
61326.0, 0.00, 4866.47, 9.07, 7079.62
61327.0, 0.00, 4866.47, 9.03, 7088.65
61328.0, 0.00, 4866.47, 9.00, 7097.65
61329.0, 0.00, 4866.47, 8.97, 7106.62
61330.0, 0.00, 4866.47, 8.94, 7115.56
61331.0, 5.40, 4871.87, 3.51, 7119.07
61332.0, 6.03, 4877.90, 2.84, 7121.91
61333.0, 6.59, 4884.49, 2.25, 7124.16
61334.0, 7.11, 4891.60, 1.70, 7125.85
61335.0, 7.60, 4899.20, 1.18, 7127.03
61336.0, 8.08, 4907.28, 0.66, 7127.69
61337.0, 8.71, 4915.98, 0.00, 7127.69
61338.0, 8.68, 4924.66, 0.00, 7127.69
61341.0, 7.66, 4932.32, 0.91, 7128.61
61342.0, 6.47, 4938.80, 2.07, 7130.68
61343.0, 5.36, 4944.16, 3.15, 7133.83
61344.0, 4.39, 4948.55, 4.09, 7137.92
61345.0, 3.56, 4952.12, 4.89, 7142.80
61346.0, 2.86, 4954.98, 5.56, 7148.36
61347.0, 0.00, 4954.98, 8.39, 7156.75
61348.0, 0.00, 4954.98, 8.35, 7165.10
61349.0, 0.00, 4954.98, 8.32, 7173.42
61350.0, 0.00, 4954.98, 8.29, 7181.72
61351.0, 0.00, 4954.98, 8.26, 7189.98
61352.0, 0.00, 4954.98, 8.23, 7198.21
61353.0, 0.00, 4954.98, 8.20, 7206.41
61354.0, 0.00, 4954.98, 8.17, 7214.58
61355.0, 0.00, 4954.98, 8.14, 7222.72
61356.0, 0.00, 4954.98, 8.11, 7230.83
61357.0, 0.00, 4954.98, 8.08, 7238.91
61358.0, 0.00, 4954.98, 8.05, 7246.96
61359.0, 0.00, 4954.98, 8.02, 7254.99
61360.0, 4.13, 4959.11, 3.86, 7258.85
61361.0, 4.65, 4963.76, 3.32, 7262.17
61362.0, 5.14, 4968.90, 2.81, 7264.97
61363.0, 5.60, 4974.50, 2.31, 7267.28
61364.0, 6.08, 4980.57, 1.81, 7269.10
61365.0, 6.58, 4987.16, 1.28, 7270.38
61366.0, 7.15, 4994.30, 0.69, 7271.07
61367.0, 7.81, 5002.12, 0.00, 7271.07
61368.0, 7.79, 5009.91, 0.00, 7271.07
61369.0, 7.77, 5017.67, 0.00, 7271.07
61372.0, 5.36, 5023.03, 2.34, 7273.41
61373.0, 4.60, 5027.63, 3.08, 7276.48
61374.0, 3.96, 5031.60, 3.70, 7280.18
61375.0, 3.40, 5034.99, 4.24, 7284.42
61376.0, 2.88, 5037.88, 4.74, 7289.16
61377.0, 0.00, 5037.88, 7.60, 7296.76
61378.0, 0.00, 5037.88, 7.59, 7304.35
61379.0, 0.00, 5037.88, 7.57, 7311.92
61380.0, 0.00, 5037.88, 7.55, 7319.47
61381.0, 0.00, 5037.88, 7.54, 7327.01
61382.0, 0.00, 5037.88, 7.53, 7334.54
61383.0, 0.00, 5037.88, 7.51, 7342.05
61384.0, 0.00, 5037.88, 7.50, 7349.55
61385.0, 0.00, 5037.88, 7.49, 7357.04
61386.0, 0.00, 5037.88, 7.48, 7364.52
61387.0, 0.00, 5037.88, 7.47, 7371.99
61388.0, 0.00, 5037.88, 7.46, 7379.46
61389.0, 0.00, 5037.88, 7.46, 7386.91
61390.0, 3.20, 5041.07, 4.25, 7391.17
61391.0, 3.66, 5044.73, 3.79, 7394.96
61392.0, 4.13, 5048.86, 3.31, 7398.27
61393.0, 4.66, 5053.52, 2.78, 7401.05
61394.0, 5.25, 5058.77, 2.18, 7403.23
61395.0, 5.97, 5064.74, 1.47, 7404.70
61396.0, 6.83, 5071.56, 0.61, 7405.30
61397.0, 7.43, 5079.00, 0.00, 7405.30
61401.0, 6.14, 5085.14, 1.30, 7406.61
61402.0, 5.54, 5090.69, 1.91, 7408.52
61403.0, 5.01, 5095.69, 2.45, 7410.97
61404.0, 4.51, 5100.20, 2.96, 7413.93
61405.0, 4.01, 5104.22, 3.46, 7417.40
61406.0, 0.00, 5104.22, 7.49, 7424.88
61407.0, 0.00, 5104.22, 7.50, 7432.38
61408.0, 0.00, 5104.22, 7.51, 7439.89
61409.0, 0.00, 5104.22, 7.52, 7447.41
61410.0, 0.00, 5104.22, 7.54, 7454.95
61411.0, 0.00, 5104.22, 7.55, 7462.50
61412.0, 0.00, 5104.22, 7.56, 7470.06
61413.0, 0.00, 5104.22, 7.58, 7477.64
61414.0, 0.00, 5104.22, 7.60, 7485.24
61415.0, 0.00, 5104.22, 7.62, 7492.86
61416.0, 0.00, 5104.22, 7.63, 7500.49
61417.0, 0.00, 5104.22, 7.65, 7508.14
61418.0, 0.00, 5104.22, 7.67, 7515.82
61419.0, 0.00, 5104.22, 7.69, 7523.51
61420.0, 2.57, 5106.79, 5.15, 7528.65
61421.0, 3.13, 5109.91, 4.61, 7533.26
61422.0, 3.77, 5113.69, 3.99, 7537.25
61423.0, 4.55, 5118.23, 3.24, 7540.49
61424.0, 5.47, 5123.71, 2.33, 7542.82
61425.0, 6.56, 5130.27, 1.27, 7544.09
61426.0, 7.86, 5138.13, 0.00, 7544.09
61427.0, 7.88, 5146.01, 0.00, 7544.09
61430.0, 7.50, 5153.51, 0.46, 7544.55
61431.0, 6.98, 5160.49, 1.02, 7545.57
61432.0, 6.47, 5166.96, 1.55, 7547.12
61433.0, 5.95, 5172.91, 2.09, 7549.22
61434.0, 5.41, 5178.32, 2.67, 7551.88
61435.0, 4.82, 5183.14, 3.29, 7555.17
61436.0, 0.00, 5183.14, 8.14, 7563.31
61437.0, 0.00, 5183.14, 8.17, 7571.47
61438.0, 0.00, 5183.14, 8.20, 7579.67
61439.0, 0.00, 5183.14, 8.23, 7587.90
61440.0, 0.00, 5183.14, 8.26, 7596.15
61441.0, 0.00, 5183.14, 8.29, 7604.44
61442.0, 0.00, 5183.14, 8.32, 7612.77
61443.0, 0.00, 5183.14, 8.35, 7621.12
61444.0, 0.00, 5183.14, 8.38, 7629.50
61445.0, 0.00, 5183.14, 8.42, 7637.92
61446.0, 0.00, 5183.14, 8.45, 7646.37
61447.0, 0.00, 5183.14, 8.48, 7654.85
61448.0, 0.00, 5183.14, 8.51, 7663.36
61449.0, 2.07, 5185.21, 6.48, 7669.84
61450.0, 2.78, 5187.99, 5.80, 7675.64
61451.0, 3.63, 5191.62, 4.99, 7680.62
61452.0, 4.62, 5196.24, 4.03, 7684.65
61453.0, 5.74, 5201.98, 2.93, 7687.58
61454.0, 6.95, 5208.93, 1.76, 7689.34
61455.0, 8.18, 5217.12, 0.56, 7689.90
61456.0, 8.78, 5225.89, 0.00, 7689.90
61459.0, 8.88, 5234.77, 0.00, 7689.90
61460.0, 8.45, 5243.22, 0.46, 7690.36
61461.0, 7.90, 5251.13, 1.04, 7691.40
61462.0, 7.31, 5258.44, 1.66, 7693.06
61463.0, 6.66, 5265.10, 2.35, 7695.41
61464.0, 5.94, 5271.04, 3.11, 7698.52
61465.0, 5.14, 5276.17, 3.94, 7702.45
61466.0, 0.00, 5276.17, 9.11, 7711.56
61467.0, 0.00, 5276.17, 9.14, 7720.70
61468.0, 0.00, 5276.17, 9.17, 7729.88
61469.0, 0.00, 5276.17, 9.21, 7739.08
61470.0, 0.00, 5276.17, 9.24, 7748.32
61471.0, 0.00, 5276.17, 9.27, 7757.59
61472.0, 0.00, 5276.17, 9.30, 7766.90
61473.0, 0.00, 5276.17, 9.34, 7776.23
61474.0, 0.00, 5276.17, 9.37, 7785.60
61475.0, 0.00, 5276.17, 9.40, 7795.00
61476.0, 0.00, 5276.17, 9.43, 7804.44
61477.0, 0.00, 5276.17, 9.46, 7813.90
61478.0, 0.00, 5276.17, 9.50, 7823.40
61479.0, 3.03, 5279.20, 6.50, 7829.90
61480.0, 4.08, 5283.28, 5.48, 7835.37
61481.0, 5.23, 5288.51, 4.36, 7839.73
61482.0, 6.41, 5294.93, 3.21, 7842.94
61483.0, 7.59, 5302.51, 2.06, 7845.01
61484.0, 8.73, 5311.25, 0.95, 7845.96
61485.0, 9.71, 5320.96, 0.00, 7845.96
61486.0, 9.74, 5330.70, 0.00, 7845.96
61489.0, 9.83, 5340.54, 0.00, 7845.96
61490.0, 9.08, 5349.61, 0.79, 7846.74
61491.0, 8.37, 5357.98, 1.53, 7848.27
61492.0, 7.58, 5365.56, 2.34, 7850.61
61493.0, 6.73, 5372.29, 3.22, 7853.84
61494.0, 5.83, 5378.12, 4.15, 7857.99
61495.0, 4.90, 5383.02, 5.11, 7863.09
61496.0, 0.00, 5383.02, 10.04, 7873.13
61497.0, 0.00, 5383.02, 10.07, 7883.20
61498.0, 0.00, 5383.02, 10.09, 7893.29
61499.0, 0.00, 5383.02, 10.12, 7903.42
61500.0, 0.00, 5383.02, 10.15, 7913.57
61501.0, 0.00, 5383.02, 10.18, 7923.75
61502.0, 0.00, 5383.02, 10.21, 7933.95
61503.0, 0.00, 5383.02, 10.23, 7944.18
61504.0, 0.00, 5383.02, 10.26, 7954.44
61505.0, 0.00, 5383.02, 10.29, 7964.73
61506.0, 0.00, 5383.02, 10.31, 7975.04
61507.0, 0.00, 5383.02, 10.34, 7985.38
61508.0, 3.62, 5386.64, 6.74, 7992.12
61509.0, 4.78, 5391.42, 5.61, 7997.73
61510.0, 5.93, 5397.35, 4.49, 8002.22
61511.0, 7.05, 5404.40, 3.39, 8005.61
61512.0, 8.13, 5412.53, 2.34, 8007.95
61513.0, 9.19, 5421.71, 1.30, 8009.25
61514.0, 10.52, 5432.23, 0.00, 8009.25
61515.0, 10.54, 5442.77, 0.00, 8009.25
61516.0, 10.56, 5453.33, 0.00, 8009.25
61519.0, 9.96, 5463.30, 0.67, 8009.92
61520.0, 9.13, 5472.43, 1.53, 8011.45
61521.0, 8.23, 5480.66, 2.45, 8013.90
61522.0, 7.31, 5487.97, 3.39, 8017.29
61523.0, 6.38, 5494.36, 4.34, 8021.63
61524.0, 5.46, 5499.82, 5.28, 8026.91
61525.0, 4.56, 5504.38, 6.21, 8033.12
61526.0, 0.00, 5504.38, 10.79, 8043.91
61527.0, 0.00, 5504.38, 10.81, 8054.72
61528.0, 0.00, 5504.38, 10.83, 8065.55
61529.0, 0.00, 5504.38, 10.85, 8076.40
61530.0, 0.00, 5504.38, 10.87, 8087.27
61531.0, 0.00, 5504.38, 10.89, 8098.16
61532.0, 0.00, 5504.38, 10.91, 8109.07
61533.0, 0.00, 5504.38, 10.93, 8120.00
61534.0, 0.00, 5504.38, 10.95, 8130.95
61535.0, 0.00, 5504.38, 10.97, 8141.91
61536.0, 0.00, 5504.38, 10.98, 8152.90
61537.0, 4.17, 5508.54, 6.84, 8159.73
61538.0, 5.29, 5513.83, 5.73, 8165.46
61539.0, 6.36, 5520.19, 4.67, 8170.14
61540.0, 7.40, 5527.59, 3.65, 8173.79
61541.0, 8.42, 5536.01, 2.65, 8176.44
61542.0, 9.43, 5545.44, 1.65, 8178.09
61543.0, 10.45, 5555.90, 0.65, 8178.74
61544.0, 11.11, 5567.01, 0.00, 8178.74
61545.0, 11.13, 5578.14, 0.00, 8178.74
61548.0, 10.61, 5588.76, 0.56, 8179.30
61549.0, 9.70, 5598.45, 1.49, 8180.78
61550.0, 8.77, 5607.22, 2.43, 8183.22
61551.0, 7.84, 5615.06, 3.37, 8186.58
61552.0, 6.94, 5622.00, 4.28, 8190.86
61553.0, 6.04, 5628.05, 5.19, 8196.05
61554.0, 5.15, 5633.20, 6.09, 8202.14
61555.0, 0.00, 5633.20, 11.25, 8213.40
61556.0, 0.00, 5633.20, 11.27, 8224.66
61557.0, 0.00, 5633.20, 11.27, 8235.94
61558.0, 0.00, 5633.20, 11.28, 8247.22
61559.0, 0.00, 5633.20, 11.29, 8258.52
61560.0, 0.00, 5633.20, 11.30, 8269.82
61561.0, 0.00, 5633.20, 11.31, 8281.13
61562.0, 0.00, 5633.20, 11.32, 8292.44
61563.0, 0.00, 5633.20, 11.32, 8303.77
61564.0, 0.00, 5633.20, 11.33, 8315.10
61565.0, 0.00, 5633.20, 11.34, 8326.44
61566.0, 0.00, 5633.20, 11.34, 8337.78
61567.0, 5.40, 5638.60, 5.95, 8343.73
61568.0, 6.42, 5645.01, 4.94, 8348.66
61569.0, 7.42, 5652.43, 3.94, 8352.60
61570.0, 8.42, 5660.85, 2.94, 8355.55
61571.0, 9.42, 5670.27, 1.94, 8357.49
61572.0, 10.42, 5680.69, 0.95, 8358.44
61573.0, 11.37, 5692.05, 0.00, 8358.44
61574.0, 11.37, 5703.43, 0.00, 8358.44
61577.0, 11.37, 5714.80, 0.00, 8358.44
61578.0, 10.13, 5724.93, 1.24, 8359.68
61579.0, 9.22, 5734.15, 2.16, 8361.84
61580.0, 8.32, 5742.47, 3.05, 8364.89
61581.0, 7.43, 5749.90, 3.94, 8368.82
61582.0, 6.55, 5756.45, 4.82, 8373.64
61583.0, 5.64, 5762.09, 5.73, 8379.37
61584.0, 4.69, 5766.78, 6.68, 8386.05
61585.0, 0.00, 5766.78, 11.36, 8397.41
61586.0, 0.00, 5766.78, 11.36, 8408.76
61587.0, 0.00, 5766.78, 11.35, 8420.11
61588.0, 0.00, 5766.78, 11.35, 8431.46
61589.0, 0.00, 5766.78, 11.34, 8442.80
61590.0, 0.00, 5766.78, 11.34, 8454.14
61591.0, 0.00, 5766.78, 11.33, 8465.47
61592.0, 0.00, 5766.78, 11.32, 8476.79
61593.0, 0.00, 5766.78, 11.32, 8488.11
61594.0, 0.00, 5766.78, 11.31, 8499.41
61595.0, 0.00, 5766.78, 11.30, 8510.71
61596.0, 5.18, 5771.96, 6.11, 8516.82
61597.0, 6.19, 5778.15, 5.09, 8521.92
61598.0, 7.19, 5785.34, 4.08, 8525.99
61599.0, 8.19, 5793.53, 3.07, 8529.07
61600.0, 9.17, 5802.70, 2.09, 8531.15
61601.0, 10.09, 5812.79, 1.15, 8532.30
61602.0, 11.23, 5824.02, 0.00, 8532.30
61603.0, 11.22, 5835.24, 0.00, 8532.30
61604.0, 11.21, 5846.45, 0.00, 8532.30
61607.0, 10.37, 5856.82, 0.80, 8533.10
61608.0, 9.48, 5866.30, 1.68, 8534.78
61609.0, 8.59, 5874.89, 2.55, 8537.33
61610.0, 7.69, 5882.58, 3.44, 8540.77
61611.0, 6.76, 5889.35, 4.35, 8545.12
61612.0, 5.79, 5895.14, 5.30, 8550.42
61613.0, 4.77, 5899.91, 6.31, 8556.74
61614.0, 0.00, 5899.91, 11.07, 8567.80
61615.0, 0.00, 5899.91, 11.05, 8578.86
61616.0, 0.00, 5899.91, 11.03, 8589.89
61617.0, 0.00, 5899.91, 11.02, 8600.91
61618.0, 0.00, 5899.91, 11.00, 8611.91
61619.0, 0.00, 5899.91, 10.98, 8622.89
61620.0, 0.00, 5899.91, 10.97, 8633.86
61621.0, 0.00, 5899.91, 10.95, 8644.81
61622.0, 0.00, 5899.91, 10.93, 8655.74
61623.0, 0.00, 5899.91, 10.91, 8666.65
61624.0, 0.00, 5899.91, 10.89, 8677.54
61625.0, 4.84, 5904.75, 6.03, 8683.57
61626.0, 5.86, 5910.61, 4.99, 8688.56
61627.0, 6.86, 5917.46, 3.98, 8692.54
61628.0, 7.81, 5925.27, 3.00, 8695.54
61629.0, 8.69, 5933.96, 2.10, 8697.65
61630.0, 9.49, 5943.44, 1.28, 8698.93
61631.0, 10.19, 5953.63, 0.56, 8699.49
61632.0, 10.73, 5964.36, 0.00, 8699.49
61633.0, 10.71, 5975.06, 0.00, 8699.49
61636.0, 10.64, 5985.70, 0.00, 8699.49
61637.0, 9.46, 5995.16, 1.16, 8700.65
61638.0, 8.53, 6003.69, 2.06, 8702.71
61639.0, 7.58, 6011.26, 2.99, 8705.71
61640.0, 6.58, 6017.84, 3.97, 8709.68
61641.0, 5.53, 6023.37, 4.99, 8714.67
61642.0, 4.45, 6027.82, 6.05, 8720.72
61643.0, 3.37, 6031.18, 7.11, 8727.83
61644.0, 0.00, 6031.18, 10.45, 8738.27
61645.0, 0.00, 6031.18, 10.42, 8748.70
61646.0, 0.00, 6031.18, 10.40, 8759.10
61647.0, 0.00, 6031.18, 10.37, 8769.47
61648.0, 0.00, 6031.18, 10.35, 8779.82
61649.0, 0.00, 6031.18, 10.32, 8790.14
61650.0, 0.00, 6031.18, 10.30, 8800.44
61651.0, 0.00, 6031.18, 10.27, 8810.71
61652.0, 0.00, 6031.18, 10.24, 8820.95
61653.0, 0.00, 6031.18, 10.22, 8831.17
61654.0, 0.00, 6031.18, 10.19, 8841.36
61655.0, 5.45, 6036.64, 4.71, 8846.06
61656.0, 6.38, 6043.02, 3.76, 8849.82
61657.0, 7.21, 6050.23, 2.90, 8852.72
61658.0, 7.95, 6058.18, 2.13, 8854.85
61659.0, 8.60, 6066.78, 1.45, 8856.30
61660.0, 9.17, 6075.95, 0.85, 8857.15
61661.0, 10.00, 6085.95, 0.00, 8857.15
61662.0, 9.97, 6095.91, 0.00, 8857.15
61663.0, 9.94, 6105.85, 0.00, 8857.15
61666.0, 9.16, 6115.01, 0.69, 8857.84
61667.0, 8.16, 6123.18, 1.66, 8859.50
61668.0, 7.12, 6130.30, 2.67, 8862.17
61669.0, 6.06, 6136.36, 3.71, 8865.88
61670.0, 4.98, 6141.34, 4.75, 8870.63
61671.0, 3.95, 6145.30, 5.75, 8876.38
61672.0, 3.00, 6148.30, 6.67, 8883.05
61673.0, 0.00, 6148.30, 9.64, 8892.69
61674.0, 0.00, 6148.30, 9.61, 8902.31
61675.0, 0.00, 6148.30, 9.58, 8911.89
61676.0, 0.00, 6148.30, 9.55, 8921.44
61677.0, 0.00, 6148.30, 9.52, 8930.96
61678.0, 0.00, 6148.30, 9.49, 8940.45
